Text,Subjective,Ambiguous,Nonverifiable,Negative,Vague
"ETCS shall provide the driver with information to allow him to drive the train safely.
",safely,-,-,-,-
"ETCS shall be able to supervise train and shunting movements.
",-,-,-,-,-
"If the supervision is performed by a RBC it shall be possible to prevent movements of a traction unit in its area if not authorised by the RBC.
",unit,-,-,-,it
"ETCS is required to be functional to a maximum train speed of 500 km/h.
",-,-,-,-,-
"It shall be possible to implement one or more of the ETCS application levels on a line.
",-,-,-,-,-
"The current application level shall be indicated on the DMI.
",-,-,-,-,-
"ETCS shall be compatible with existing national systems listed in the CCS TSI such that it does not interfere with the national systems and is not interfered with by the national systems.
",-,-,-,not*not,it
"Any transition which occurs while the train is moving shall in principle occur automatically.
",-,-,-,-,-
"Transitions which occur while the train is stationary, shall be initiated automatically or manually as appropriate.
",-,-,-,-,-
"In case the transition has to be acknowledged and the driver fails to acknowledge as required, the ETCS shall initiate a brake application
",case,-,asrequired,-,-
"During the transition period between two operational states (including two different national operations) the supervision provided shall at least ensure the same protection provided by the least restrictive state.
",-,atleast,-,-,-
"If an ETCS equipped train passes a level transition to one or more levels for which it is not equipped, ETCS shall initiate a brake application.
",-,-,-,-,it
"National values shall be applicable to a defined area
",-,-,defined,-,-
"Once received onboard the national values shall remain valid even if the onboard equipment is switched off
",valid,-,-,-,-
"If the on-board has no valid national values for the current location, default values shall be used by the onboard equipment.
",valid*default,-,-,-,-
"Default values shall be harmonised values, permanently stored in all ERTMS/ETCS on board equipment
",default,-,-,-,-
"At Start Up, the on board equipment shall perform an automatic self-test.
",automatic,-,-,-,-
"The test shall require no action on the part of the driver.
",part,-,-,-,-
"The driver shall be able to select Train Data Entry on the DMI.
",-,-,-,-,-
"Entering or overwriting data manually by the driver shall be possible but only when stationary.
",-,-,-,-,-
The driver shall be able to consult train data when the train is stationary or moving.,-,-,-,-,-
"Current train data shall be stored (except at transition to shunting) in the ETCS equipment until the traction unit is not operative.
",until,-,-,-,-
"The system for Train Data Entry shall provide for the input of other data required by STMs connected to ETCS. This may require additional items, not required for ETCS, to be entered.
",-,-,additional,-,other
The change of driver identification during a journey or a Train Running Number shall be possible,-,-,-,-,-
"Following successful completion of Train Data Entry, the driver shall be able to perform shunting movements or train movements.",successful,-,-,-,-
"The following data may be entered manually by the driver provided by external sources
:
",external,-,-,-,-
"If the onboard fails to contact the RBC when awakening the driver shall be asked to enter the RBC contact details
",-,-,detail,-,-
"To prevent unauthorised use of the function permission shall be obtained from the RBC if the train is operating under the control of the RBC.
",-,-,-,-,-
"It shall be possible to manually select Shunting from Stand By operation, Full Supervision operation or Partial Supervision operation
",Partial,-,-,-,-
"Automatic transfer to Shunting may be from Full Supervision operation and Partial Supervision operation status at any speed lower than or equal to the supervised shunting speed based on trackside information.
",automatic*Partial,-,-,-,-
"Exit from Shunting shall take place when the driver selects exit from shunting.
",-,-,-,-,-
"Partial Supervision shall be selected either by the Driver, or by information received from track-to-train transmission.
",Partial,-,-,-,-
"If acknowledgement is specified the driver shall acknowledge transfer from Full Supervision to Partial Supervision within 5 seconds
",Partial,-,-,-,-
"In Partial Supervision the train shall be supervised according to train speed and distance data available.
",available*Partial,-,-,-,-
"The train shall have the capability of being supervised to a ceiling speed.
",ceiling,-,-,-,-
"This ceiling speed shall not be shown continually on the DMI but may be shown momentarily when selected by the driver.
",ceiling,-,-,-,-
"The train shall leave Partial Supervision when the trainborne equipment is not operative any longer, when Shunting is selected or when Full Supervision is available.
",Partial*available,-,-,-,-
"Transferring to Full Supervision shall occur automatically when a movement authority and all other necessary information is received through track-to-train transmission.
",necessary,-,-,-,-
"The trainborne equipment shall remain in Full Supervision until the trainborne equipment is not active any longer, when Shunting is selected or when Partial Supervision information is received.
",active*Partial,-,-,-,-
"The ETCS trainborne equipment shall be capable of receiving information from the national train control systems by means of the STM.
",means,-,-,-,-
"The DMI shall display or be compatible with information from national train control systems. This may mean displaying the information shown by the national system.
",compatible,-,-,-,-
"Unfitted operation shall be possible if selected by the driver at start up
",-,-,-,-,-
"The on board shall supervise the train against a ceiling speed
",ceiling,-,-,-,-
"The ceiling speed value for the unfitted operation is determined by the lower value out of
",ceiling,-,-,-,-
"The onboard shall be capable to switch to another ETCS status when transmitted from trackside
",-,-,-,-,another
"The trackside shall be able to send information for the calculation of speed profiles.
",-,-,-,-,-
"If track data at least to the location where the relevant movement authority ends are not available on-board, the movement authority shall be rejected.
",relevant,atleast,-,-,-
"Track to train transmission shall provide the capability to send different speed profiles for specific train categories.
",different,-,-,-,-
"The target distance to be displayed on the DMI shall be based on the most restrictive braking curve.
",-,end,-,-,-
"The ceiling speed level for the movement authority shall be defined as data National Value.
",ceiling,-,-,-,-
"The train shall be supervised according to train speed data available.
",available,-,-,-,-
"The train shall, as a minimum, be supervised to a ceiling speed; the supervised speed shall not be shown on the DMI unless selected by the driver.
",ceiling,-,-,-,-
"The target distance shall not be shown on the DMI unless selected by the driver.
",-,-,-,not,-
"On request of the RBC, the driver shall have the possibility to confirm that the track ahead of him until the end of the on sight section is clear
",-,-,-,-,him
"ETCS shall collect all relevant information concerning train and line speed.
",relevant,-,-,-,-
"ETCS shall calculate the permitted speed for the train for all locations of the authorised movement.
",authorised,-,-,-,-
"This static train speed profile shall also respect maximum line speed and track speed and special speed levels for special classes of trains.
",static*special,-,-,-,-
"Based on all relevant data, the ETCS shall calculate an emergency braking curve and a service braking curve
",relevant*emergency,-,-,-,-
"When changing to a lower speed level, the front end of the train shall respect the dynamic train speed profile.
",dynamic,-,-,-,-
"When changing to a higher speed level the rear end of the train shall respect the static train speed profile.
",static,-,-,-,-
"It shall be possible to define certain locations (e.g. tunnels) where speed increase is related to the front of the train.
",-,-,-,-,-
"The braking curves shall ensure that the train complies with its speed requirements.
",complies,-,-,-,its
"Where failure to apply the full service brake is detected the emergency brake shall stop the train in rear of the danger point.
",danger,-,full,-,-
"The release speed shall be indicated on the DMI.
",-,-,-,-,-
"If the release speed is calculated on board it shall ensure that the train will stop before reaching the danger point
",danger,-,-,-,-
"Each railway shall have the possibility of allowing a different release speed for every signal.
",-,-,-,-,-
"The train location calculation shall take into account error of odometry.
",-,-,-,-,-
"There shall be no discrepancy between the speed shown to the driver and the speed used for supervision of movement authorities and speed limits, function ",authorities,-,limit,-,-
The indication provided shall enable the driver to drive at the permitted speed without receiving a warning and without intervention of ETCS.,-,-,indication,-,-
Visual and acoustic warnings to the driver about possible intervention from ETCS shall be given to enable the driver to react and avoid intervention.,-,-,possible,-,-
"The driver shall have the possibility to select the language, this does not concern non pre-defined texts sent from the trackside.",concern*static*dynamic,-,-,doesnot,this
A train shall be supervised to its static and dynamic train speed profiles.,-,-,-,-,its
"Within the braking curve area, a warning shall be given to the driver to enable him to react and avoid intervention from ETCS equipment at least 5 sec. before the intervention.
",-,atleast,-,-,-
"The driver shall be able to release an ETCS emergency brake application when stationary.
",-,-,-,-,-
"The roll away/reverse movement intervention shall be indicated on the DMI.
",-,-,indicated,-,-
"After releasing the emergency brake ETCS will provide the supervision appertaining when roll away protection was initiated
",-,-,-,-,-
"All data entered, received or indicated to the driver shall be recorded onboard. All data shall be related to UTC (Universal Time Corrected) and a reference point.
",reference,-,-,-,-
"Information shall be recorded to an accuracy which enables a clear view of the functioning of ETCS and way the traction unit has been driven.
",clear,-,-,-,-
"Standardised output interfaces shall enable transmission of information recorded to other media for investigation
",Standardised,-,-,-,-
"The following information shall be recorded:
",-,-,-,-,-
"It shall be possible to use multiple traction units without isolating the ETCS trainborne equipment on traction unit(s) with an in-operative cab.
",-,-,-,-,-
"The override control shall be protected against inadvertent operation.
",-,-,-,-,-
"A special indication shall be shown on the DMI.
",special,-,indication,-,-
"The supervised speed shall not be shown on the DMI.
",-,-,-,not,-
"The train shall be capable of receiving any track-to-train information intended and relevant for this train including movement authority.
",relevant,-,including,-,-
"It shall be possible to command a conditional emergency stop. If the train has already passed the location for the emergency stop the command shall be ignored
",-,-,-,-,-
"When a train has received an emergency stop ETCS shall command the emergency brake.
",-,-,-,-,-
"The emergency stop shall be indicated to the driver on the DMI.
",-,-,indicated,-,-
"It shall be possible to prevent a train from entering a route for which it does not meet the required criteria.
",-,-,required,not,which*it
"Route unsuitability shall be indicated on the DMI.
",-,-,indicated,-,-
"After overriding this function the movement authority shall be re-established.
",-,-,-,-,-
"When the traction unit is stationary the driver shall be required to acknowledge the train trip condition. This acknowledgement will release the emergency brake.
",-,-,-,-,-
"After the acknowledgement the train shall be able to be driven backwards for a certain distance defined by national value
",certain,-,-,-,-
"The train running number shall consist of a maximum of 8 numeric digits.
",-,maximum,-,-,-
"The ETCS on-board shall be capable of receiving information about pantograph and power supply from the trackside.
",-,-,-,-,-
"The ETCS trainborne equipment shall indicate on the DMI the information regarding pantograph and power supply.
",-,-,indicate,-,-
"The ETCS on-board shall be capable of receiving information regarding air tightness from the trackside.
",-,-,-,-,-
"The onboard equipment shall display plain text messages as received.
",-,-,-,-,-
"The character set used shall support different languages.
",-,-,-,-,-
"Fixed text messages shall be provided in the language selected by the driver
",-,-,-,-,-
"The ETCS on-board shall be capable of sending to the trackside train integrity information detected by a system outside ETCS
",outside,-,-,-,-
"It shall be possible to revoke a Movement Authority that has already been issued to a train in a co-operative way between RBC and train.
",-,-,-,-,-
"The co-operative revocation of the MA shall be possible to a new target location, proposed from RBC.
",-,-,-,-,-
"The new target location shall be checked for acceptance by the on board.
",new,-,-,-,-
"If a train cannot stop at the proposed new target location it shall reject the request and keep the old target location.
",new*old,-,-,-,-
"The Reversing function shall only be possible in one active cab which is not closed at any time during the procedure.
",-,-,-,-,-
"The train shall be able to automatically pass from one RBC area to another without driver intervention.
",-,-,-,-,another
"If the train is equipped with two operational radios there shall be no performance penalty as a result of a transition from one RBC to another (train spacing and train speed).
",-,-,-,no,another
"If the train is equipped with only one operational radio, passing from one RBC to another shall still be possible but might result in a performance penalty.
",-,-,-,-,-
"If there are failures of the trainborne equipment which compromise the safety of train supervision, the ETCS trainborne equipment shall immediately command the brake and bring the train to a stop.
",safety,-,-,-,-
"In ETCS with RBC this restriction on performance shall, if possible be transmitted to the RBC.
",-,-,possible,-,-
"
                The solution should provide detailed context-sensitive help material for all the possible actions and scenarios on all user interfaces in the application.
            ",-,-,possible,-,-
"
                The solution should send alerts (e.g., email, SMS) to the user if the user chooses to whenever any action has been taken on the alert.
            ",-,-,-,-,-
"
                The solution should enable the help-desk user to view the reports on the submitted defects or enhancement requests category-wise, status-wise, and age- wise.
            ",-,-,-,-,-
"
                The support solution should be accessible to the users both from within the application and also outside the application through a browser interface.
            ",outside,-,-,-,-
"
             Once the audit trail functionality has been activated, the System must track events without manual intervention, and store in the audit trail information about them.
            ",-,-,-,-,-
"
            The System must maintain the audit trail for as long as required, which will be at least for the life of the case to which it refers.
            ",long*refers,atleast,required,-,which*it
"
            The System must at a minimum be able to provide reports for actions on cases organised:
            ",-,-,-,-,-
"
            The System should be able to provide reports for actions on cases organised by workstation and (where technically appropriate) by network address.
            ",-,-,-,-,-
"
            The System must allow the user to limit access to cases to specified users or user groups.
            ",-,-,limit,-,-
"
            The system should provide for role-based control for the functionality within the system
            ",-,-,-,-,-
"
            The System should allow a user to stipulate which other users or groups can access cases.
            ",-,-,-,-,other
"
            The System must allow changes to security attributes for groups or users (such as access rights, security level, privileges, password allocation and management) to be made only by super-user.
            ",super-user,-,-,-,-
"
            If a user performs a quick or advanced search, the System must never include in the search result list any record which the user does not have the right to access.
            ",advanced,-,-,never,-
"
            The System must employ a single set of user interface rules, or a small number of sets to provide a familiar and common look and feel for the application.
           ",feel*small,-,-,-,-
"
            The System must be able to display several entities (cases, suspects) simultaneously.
           ",-,-,several,-,-
"
           The System user interface must be suitable for users with special needs; that is, compatible with specialist software that may be used and with appropriate interface guidelines
           ",suitable,-,-,-,that
"
           The System must provide End User and Administrator functions which are easy to use and intuitive throughout.
           ",easy,-,-,-,-
"
            The System must allow persistent defaults for data entry where desirable. These defaults should include:
            ",desirable,-,-,-,-
"
           Frequently-executed System transactions must be designed so that they can be completed with a small number of interactions (e.g. mouse clicks).
           ",small,-,-,-,-
"
           Where the System employs a graphical user interface, it must allow users to customise it. Customisation should include, but need not be limited to the following changes:
           ",-,-,limited,not,-
"
            The user interfaces should be designed to make them user-intuitive.
           ",user-intuitive.,-,-,-,-
"
            The user interfaces of the system should comply with Standard ISO 9241.
           ",-,-,-,-,-
"
              Providing text equivalents for non-text media objects: All non-text media objects, such as graphical images or video, should be provided with alternative equivalent textual descriptions and/or with equivalent text-based functionality.
           ",equivalents*alternative,-,-,-,-
"
            Offering alternative access paths: Alternative access paths for navigating to a specific unit of content should be offered to support different navigation strategies.
           ",alternative*unit,-,-,-,-
"
           Minimizing user errors: Potential user errors as well as the effort needed to recover from errors should be minimized.
           ",Potential,-,Minimizing,-,-
"
           Making text resizable by the user: Text should be able to be resized by the user, using functions provided by the user agent or other appropriate means i.e. see ISO 9241-171.
           ",means,-,-,-,other
"
           Text quality: The quality of textual content with respect to spelling and grammar should be sufficient so as not to impede readability.
           ",readability*quality,-,sufficient,not,-
"
           Supporting text skimming: Fast skimming of text should be supported by the provision of clear links, bulleted lists, highlighted keywords, logical headings, and short phrases and sentences.
           ",clear*Fast,-,-,-,-
"
           Readability of text: Text presented on the pages should be readable taking into account the expected display characteristics and spatial arrangement. ISO 9241-303 shall be consulted for screen text legibility requirements.
           ",Readability*readable*legibility,-,-,-,-
"
           Distinguishable within-page links: Within-page links should be clearly distinguishable from other links that lead to a different page. EX. Within-page links are shown with dashed rather than solid underlines
           ",-,clearly,-,-,other
"
           Avoiding link overload: Text pages containing large proportions of links should be formatted so that the presence of links does not impede the readability of the text.
           ",readability*overload,-,-,not,-
"
           Marking links opening new windows: Links that open new browser windows or pop-up windows should be clearly marked.
           ",new,clearly,-,-,-
"
           Making individualization and adaptation evident: It should be made evident to the user when individualization and/or adaptation are used.
           ",adaptation*evident,-,-,-,-
"
            The System must be available to users:
            ",-,-,-,-,-
"
           Unplanned downtime for the System must not exceed <xx hours/minutes> per <rolling three month period>.
           ",-,-,-,-,-
"
           The System must provide adequate response times for commonly performed functions under both standard and peak conditions
           ",adequate,commonly,-,-,-
"
           The System be scaleable and must not have any features which would preclude use in small or large police stations, with varying numbers of cases handled.
           ",small*large,-,-,not,-
"
                The system should be designed in manner that operational data is not lost in case of any
                failure of equipment or communication network.
            ",case,-,-,-,-
"
             The system should work even in an offline mode with the critical functionality
            ",critical,-,-,-,-
"
            The system should be designed to have satisfactory performance even in Police Stations
                connected on low-bandwidth
            ",satisfactory,-,-,-,-
"
            The system should be implemented using Service Oriented Architecture (SOA) and have a
                modular design
            ",-,-,-,-,-
"
            The system should be built on a common User Access and Authentication Service to
                ensure Single-Sign on for the end-user
            ",Authentication,-,-,-,-
"
             The system should be developed to be deployed in a 3-tier datacenter architecture
            ",-,-,-,-,-
"
                The system should be designed to have a n-tier architecture with the presentation logic
                separated from the business logic that is again separated from the data-access logic
            ",-,-,-,-,-
"
                The system should be extensible to provide access to the interfaces through PDA’s and
                mobile data terminals
            ",-,-,-,-,-
"
             The system should adopt standardized formats and common metadata elements
            ",standardized,-,-,-,-
"
                The system should be designed for access through browser-based systems and must
                impose minimal requirements on the client device
            ",-,minimal,-,-,-
"
             The system must support multiple types of communication services for remote access
            ",-,-,multiple,-,-
"
            The system should have capability to support public access to a subset of data and
                functionality
            ",-,-,-,-,-
"             The system should support multi-tier authentication where required
            ",-,-,required,-,-
"
             The system should support SSL encrypted connections
            ",-,-,-,-,-
"
             The system should support secure virtual private network connections
            ",-,-,-,-,-
"
            The system should run on multiple browsers
            ",-,-,multiple,-,-
"
            The system should support selective encryption of the stored data
            ",-,-,-,-,-
"
            The system should ensure secure transmission of data over the network and utilize SSL and 2-way digital signatures
            ",-,-,-,-,-
"
            The system should ensure high standards of security and access control through:
            ",high*standards,-,-,-,-
"
            The system should ensure high scalability and performance through:
            ",high,-,-,-,-
"
										2.2.1     This section describes the generic voice telephony services which are to be supported 
by the EIRENE network: (M) 
					",section,-,-,-,-
"
					2.2.3     The system shall support point-to-point voice calls between any two call parties. (M) 
				",-,-,-,-,-
"
					2.2.4     Such point-to-point calls shall allow both parties to talk simultaneously. (M) 
Public emergency voice calls   
				",emergency,-,-,-,-
"
					2.2.5     The system shall allow a user to make public emergency point-to-point voice calls. (M) 
				",emergency,-,-,-,-
"
					2.2.6     Such emergency calls include 112 calls and may not be used for railway emergencies. 
(I) 
Broadcast voice calls   
				",emergency,-,-,not,-
"
					2.2.7     The system shall support broadcast voice calls. (M) 
				",-,-,-,-,-
"
					2.2.8     Broadcast voice calls provide one-way voice communications from a single user to 
multiple users in a pre-defined local area, all of whom are members of the same call 
group. (I) 
				",same,-,multiple,-,-
"					2.2.9     The composition of call groups shall be able to be modified within the network. A single user shall be able to be a member of one or more call groups. (M) 
				",-,-,more,-,-
"
					2.2.10     The local area over which broadcast calls shall be implemented shall be able to be 
modified within the network. (M) 
				",-,-,-,-,-
"
					2.2.13     Group voice calls provide voice communications between a number of users in a pre-
defined local area, all of whom are members of the same call group. (I) 
				",same,-,-,-,-
"
					2.2.15     The local area over which group calls are implemented shall be able to be modified 
within the network. (M) 
				",-,-,-,-,-
"
					2.3.4     If the text message facility is implemented, it shall not interfere with the ability of users 
to make or receive high priority voice or data calls. (M) 
General data applications   
				",-,-,-,not,-
"
										2.3.5     Support  is  required  for  a  range  of  data  communications  between  the  ground  and 
mobile users. Such applications may include: (I) 
					",support,-,include,-,-
"
					2.3.6     The network shall support point-to-point data communications. (M) 
				",-,-,-,-,-
"
					2.3.8     The network shall support data rates of at least 2.4 kbit/s. (M) 
				",-,atleast,-,-,-
"
					2.3.9     Higher data rates will be required by some data applications in order to provide the 
necessary performance and acceptable transmission times. (I) 
				",necessary,some,-,-,-
"
					2.3.10     The  priority  scheme  for  calls  described  in  section  10.2  is  also  valid  for  data 
applications. (I) 
Automatic fax 
				",-,-,-,-,-
"
					2.3.11     The network should support fax transmissions between the ground and mobile users. 
(O) 
				",-,-,-,-,-
"
					2.3.12     Where fax functionality is provided, it shall be possible to interrupt the fax to make or 
receive a high priority voice or data call. (M) 
Train control applications 
				",high,-,-,-,-
"
					2.3.15     Communications  for  train  control  may  be  characterised  as  low  data  rate  per  train; 
however, in some areas there will be a high density of trains requiring simultaneous 
communications. (I) 
				",low,-,-,-,-
"
										2.4.1     The EIRENE network will support the following call related services: 
					",-,-,-,-,-
"
					2.4.4     It should be possible for the network to prevent the identity of certain users from being 
displayed on the mobile, either when being called, calling or both. (O) 
Priority and pre-emption   
				",certain,-,-,-,-
"
					2.4.8     The  group  of  users  who  may  access  the  facilities  of  the  EIRENE  network  shall  be 
limited. (M) 
				",-,-,-,-,-
"
					2.4.10     It shall be possible for an incoming call or data message for one user to be forwarded to 
another user using functionality provided by the network. (M) 
				",-,-,-,-,another
"
					2.4.11     In the case of voice calls, it shall be possible for the user who is attempting to forward a 
call to converse with the intended recipient prior to forwarding. (M) 
				",intended,-,-,-,-
"
					2.4.14     It shall be possible for the user to re-join the call which is on hold at any time. (M) 
Call waiting   
				",-,-,-,-,-
"
					3.2.1     For network planning, the coverage level is defined in terms of time and area where 
the minimum signal criteria are achieved. (I)  
				",-,minimum,-,-,-
"
					3.2.2     The level of coverage should be at least 95% of the time over 95% of the designated 
coverage area for a radio installed in a vehicle with an external antenna. (O) 
				",external,atleast,-,-,-
"
					3.2.3     The network shall support all EIRENE-compliant mobiles. (M) 
				",-,-,-,-,-
"
					3.2.4     The land-based part of the system shall provide communications for mobiles when 
stationary and when travelling at speeds up to the maximum allowable line speed or 
				",-,maximum,-,-,-
"
					3.3.3     Network  interconnection  is  subject  to  a  bilateral  agreement  between  network 
operators.  The  interconnection  between  the  networks  must,  as  a  minimum,  be 
compliant with applicable open specifications. (I) 
				",-,minimum,-,-,-
"
					3.3.4     During the process of moving from one GSM-R network to another, the system must 
minimise the inconvenience to the user. (I) 
				",inconvenience,-,-,-,another
"
					3.4.1     Call set-up time requirements are dependent mainly upon priority (see section 10.2). (I) 
				",priority,-,-,-,-
"
					3.4.4     Set-up times shall include the time required for any translation of functional numbers 
internal to the EIRENE network. (M) 
				",internal,-,required,-,-
"
					3.5.4     The definition of each broadcast or group call area should take into account factors 
such as the speed of trains on the line (stopping distance) and the operational control 
areas. (O) 
				",stoppingdistance*control*area,-,-,-,-
"
					3.5.5     It is acceptable that mobiles which move out of the call area during the call be dropped 
from the call. (I) 
				",-,-,-,-,which
"
					4.1.4     Mobile equipment shall function correctly when travelling at speeds from 0 km/h to 
				",-,correctly,-,-,-
"
					4.3.3     In normal operation of a mobile radio unit, it is expected that a combination of the 
above environmental conditions will be experienced. (I) 
				",normal,-,-,-,-
"
					4.3.6     Any pressure pulses caused by vehicles passing, entering or leaving tunnels shall not 
affect the normal operation of EIRENE mobile equipment. (M) 
Physical conditions   
				",normal,-,-,-,-
"
										4.3.7     The design of EIRENE mobiles shall comply with the relevant European Norms for 
protection against physical hazards, eg: (M) 
					",-,-,-,-,-
"
					4.3.9     The  batteries  to  be  used  in  the  mobile  equipment  shall  have  sufficient  capacity  to 
support typical railway use. (M) 
Electromagnetic Compatibility   
				",sufficient,-,-,-,-
"
					5.1.1     This section identifies the functional requirements for the EIRENE Cab radio. It covers 
the functionality provided by the Cab radio, driver MMI and support to other on-train 
systems. (I) 
				",-,-,-,-,other
"
					5.2.2i   Once a call has been established the connected parties shall be able to communicate. 
(M) 5.2.2iv  A Push-To-Talk function shall be provided for use during group calls. (M) 
					",-,-,-,-,-
"
					5.2.2ii   Picking up the handset shall transfer the communication to the handset and reduce the 
loudspeaker volume to its minimum level. (M) 
					",-,-,minimum,-,-
"
						5.2.2iv   A Push-To-Talk function shall be provided for use during group calls. (M) 
					",-,-,-,-,-
"5.2.2v   The  use  of  Push-To-Talk  for  all  types  of  communications  is  acceptable  if  needed  for 
ergonomic reasons or to avoid the noise of the cab being transmitted to the other party. 
(I) 
					",-,-,-,-,other
"
						5.2.2.3     Once an appropriate destination has been obtained, the radio shall attempt to establish 
a call to this destination. The functional identity shall be displayed to the controller. 
(M) 
					",appropropriate,-,-,-,-
"
						5.2.2.4     An  audible  and  visual  indication  shall  be  provided  to  the  driver  that  the  call  is 
proceeding. (M) 
					",-,-,indication,-,-
"
						5.2.2.6     The functional identity of the connected party, if available, shall be displayed to the 
driver. (M) 
					",-,-,-,-,-
"
						5.2.2.9     It shall be possible for a driver to initiate and participate in group voice calls between 
drivers in a pre-defined geographical area. (M) 
					",pre-defined,-,-,-,-
"
						5.2.2.10 A driver shall be able to initiate the establishment of a call to other drivers with a    
minimum of action (eg a single keystroke). (M) 
					",-,minimum,-,-,-
"
						5.2.2.12 An  audible  and  visual  indication  shall  be  provided  to  the  driver  that  the  call  is    
proceeding. (M) 
					",-,-,indication,-,-
"
						5.2.2.17 If the system is not able to connect the call, an audible and visual indication shall be    
provided to the driver. (M) 
Send Railway emergency call  
					",-,-,indication,-,-
"
						5.2.2.18 It shall be possible for a driver to initiate Railway emergency calls (see section 13). (M)    
					",-,-,-,-,-
"
						5.2.2.24 Once the call is terminated, the continuous visual alarm indication in the cab shall    
cease. (M) 
					",-,-,indication,-,-
"
						5.2.2.25 If the system is not able to connect the call, an audible and visual indication shall be    
provided to the driver. (M) 
Communicate with other drivers on same train 
					",-,-,indication,-,-
"
						5.2.2.27 The call will be established from the active cab of the lead traction vehicle. (I)    
					",-,-,-,-,-
"
						5.2.2.28 Whilst on-going, a multi-drivers indication shall be displayed permanently at all Cab    
radios. (M) 
					",-,-,indication,-,-
"
						5.2.2.30 At any time during the call, the lead driver shall be able to remove a member of the    
group. (M) 
					",-,-,-,-,-
"
						5.2.2.32 If a driver is disconnected from the multi-driver call, a clear indication shall be given.    
(M) 
					",clear,-,indication,-,-
"
						5.2.2.33 The  setting  up  and  closing  down  of  a  multi-driver  call  shall  be  simplified  using    
automation or guidance through the steps required. (M) 
					",steps,-,simplified,-,-
"
						5.2.2.35 If any part of the call fails, an audible and visual indication shall be provided in the    
appropriate cab. (M) 
					",part,-,indication,-,-
"
						5.2.2.38 It shall be possible for the driver to contact members of on-board train staff using a    
point-to-point voice call. (M) 
					",-,-,-,-,-
"
												5.2.2.39 Upon activation of this function, the Cab radio shall provide the driver with a list of    
generic staff, eg: (M) 
						",-,-,-,-,This
"
						5.2.2.40 The driver shall then be prompted to select the train staff with which he wishes to    
communicate. (M) 
					",-,-,-,-,which
"
						5.2.2.43 An audible and visual indication of an incoming call shall be provided. (M)    
					",-,-,indication,-,-
"
						5.2.2.44 The functional identity (which may contain an alphanumeric description) of the calling    
party, when available, shall be displayed. (M) 
					",available,-,-,-,-
"
						5.2.2.47 An audible and visual indication of the incoming call shall be provided when a Cab    
radio receives a group or broadcast call. (M)  
					",-,-,indication,-,-
"
						5.2.2.48 The group identity of the voice group call (VBS or VGCS) shall be displayed. (M)    
					",-,-,-,-,-
"
						5.2.2.50 The  driver  shall  be  informed  if  a  broadcast  call  is  ongoing  by  a  visual  indication    
displayed on the MMI. (M) 
					",-,-,indication,-,-
"
						5.2.2.50i  It is not possible for the driver to speak as part of the call when receiving a broadcast 
call. (I) 
					",part,-,possible,not,-
"
						5.2.2.52 During a group call, a visual indication shall be displayed on the drivers MMI to    
remind the driver of the need to use the PTT button. (M) 
					",-,-,indication,-,-
"
						5.2.2.53 The driver can not speak in a group call until permission is granted by the network    
after pushing the PTT button. (I) 
					",-,-,-,not,-
"
						5.2.2.56 Reception of this call proceeds as for a standard group or broadcast call, except that a    
distinctive audible and visual indication shall be provided in the cab. (M) 
					",distinctive,-,indication,-,This
"
						5.2.2.58 An  automatic  confirmation  shall  be  generated  by  the  Cab  radio  at  the  end  of  the    
Railway emergency call as detailed in section 13. (M) 
					",automatic,end,-,-,-
"
						5.2.2.59 Automatic confirmation of receipt of Railway emergency calls will be used to provide a    
means  of  determining  which  trains  have  received  a  Railway  emergency  call  (see 
section 13). (I) 
Terminate calls 
					",Automatic*means,-,-,-,-
"
						5.2.2.61 For group or broadcast calls, a means to leave the call without terminating the call shall    
be provided. (M) 
Receive text messages 
					",means,-,-,-,-
"
						5.2.2.62 The Cab radio system shall be able to receive incoming text messages (see section 12    
for details). (M) 
Enter/leave shunting mode 
					",-,-,detail,-,-
"
						5.2.2.64 A means to enter and leave shunting mode shall be provided. (M)    
					",means,-,-,-,-
"
						5.2.2.65 The functionality to enter and leave shunting mode shall not be available when there    
are on-going calls involving the Cab radio. (M) 
					",-,-,-,not,-
"
						5.2.2.66 The link assurance tone shall be provided via the loudspeaker. (M)    
					",-,-,-,-,-
"
						5.2.2.69 If  direct  mode  is  implemented,  a  means  to  enter  and  leave  direct  mode  shall  be    
provided. (M) 
					",means,-,-,-,-
"
						5.2.2.73 For voice communications, if the driver picks up the handset, the radio shall allow him    
to join the communication. (M) 
					",-,-,-,-,-
"
						5.2.2.74 The  driver  shall  be  able  to  terminate  communications  (voice  or  data)  by  selecting    
another call. (M) 
Forward calls to driver handheld 
					",-,-,-,-,another
"
												5.2.3.1     Powering up the Cab radio will initiate the following: 
						",-,-,-,-,-
"
						5.2.3.5     The  MMI  on/off  control  shall  be  designed  to  prevent  accidental  activation/ 
deactivation. (M) 
					",accidental,-,-,-,-
"
												5.2.3.9     Switch off shall be soft so that the Cab radio completes the following housekeeping 
functions before actually switching off: (M) 
						",-,actually,-,-,-
"
						5.2.3.10 As far as possible, the above procedure should also apply on power failure. (O)    
					",-,-,possible,-,-
"
												5.2.3.11 When switched off, the following functions (if available) shall still be provided: (M)    
						",-,-,-,-,-
"
						5.2.3.12 It shall be possible to present radio related prompts and information in a number of    
different languages. (M)  
					",related,-,different,-,-
"
						5.2.3.15 The languages to be supported will be a matter for each national railway to decide. (I)    
					",matter,-,-,-,-
"
						5.2.3.16 The radio shall support at least ten different languages. (M)    
Adjust loudspeaker volume 
					",-,-,different,-,-
"
						5.2.3.17 By default, the loudspeaker volume shall be set to a pre-determined level suitable for    
the operating environment (as stored within the system). (M) 
					",suitable,-,pre-determind,-,-
"
						5.2.3.18 It shall be possible for the driver to increase and decrease the loudspeaker volume    
within the adjustment range selected. (M) 
					",-,-,-,-,-
"
						5.2.3.23 Using a simple MMI action, it shall be possible for the driver to view a prioritised list    
of all authorised mobile radio networks (see section 10.5). (M) 
					",simple,-,-,-,-
"
						5.2.3.24 The manual network selection function shall not be available when there are on-going    
voice calls involving the Cab radio. (M) 
					",-,-,-,-,-
"
						5.2.3.25ii The Cab radio should be capable of selecting the mobile radio network as directed by 
input from an external device (eg a balise). (O) 
					",external,-,-,-,-
"
						5.2.3.25v Directed network selection is suitable for crossing international borders. (I) 
					Automatic network selection 
					",automatic,-,-,-,-
"
						5.2.3.25vi The Cab radio should be capable of selecting the mobile radio network automatically 
from a list of suitable networks (see section 10.5). (O) 
					",-,-,-,-,-
"
						5.2.3.25vii If automatic network selection is implemented, it shall be possible for the driver to 
activate and deactivate automatic network selection. (M) 
					",automatic,-,-,-,-
"
						5.2.3.25viii Automatic network selection shall not be used for international border crossing. (M) 
					",automatic,-,-,not,-
"
						5.2.3.25ix Automatic network selection is not suitable for use in areas where there is a risk that 
the Cab radio will change to a foreign network unpredictably. (I) 
					",automatic,-,-,not,-
"
						5.2.3.28 If an automated request is initiated (option 2), the driver shall be able to accept or reject    
the train number returned by the network. (M) 
					",-,-,-,-,-
"
						5.2.3.28ii  Data entry may be from either system depending on the operating procedures agreed 
between the train operator and the railway infrastructure operator. (I) 
					",-,-,-,-,-
"
						5.2.3.29 The driver shall be warned (by audible and visual indications) if a train with the same    
train number is already registered on the same network. (M) 
					",-,-,indication,-,-
"
						5.2.3.30 A means to override the currently registered train number shall be provided to the    
newly registering driver. (M) 
					",means,currently,-,-,-
"
						5.2.3.31 The driver of the previously registered train shall be informed (by audible and visual    
indications) that his train number has been overridden by another driver. (M) 
					",-,-,indication,-,another
"
						5.2.3.37 There shall be a fixed relationship between the telephone numbers of radios installed    
in the locomotive/coach and the stock number, which shall remain even if the radio is 
changed. (M) 
					",-,-,relationship,-,-
"
												5.2.3.38 It shall be possible to register and deregister a stock number in one or both of the    
following ways: (M) 
						",ways,-,-,-,-
"
						5.2.3.40 It  shall  be  possible  for  the  driver  to  find  and  display  stored  numbers  and  their    
information. (M) 
					",-,-,information,-,-
"
						5.2.3.41 It should be possible for the driver to store and overwrite numbers and their details in    
the Cab radio. (O) 
Invoke supplementary services 
					",-,-,detail,-,-
"
						5.2.3.43 The actions required from the driver will be as simple as possible. (I)    
Invoke tests 
					",simple,-,possible,-,-
"
						5.2.3.44 It shall be possible to initiate tests of the radio to provide the driver with a reasonable    
level of certainty that the radio and MMI are working. (M) 
					",reasonable,-,-,-,-
"
						5.2.3.45 Such tests shall not prevent calls. (M)    
					",-,-,-,not,-
"
						5.2.3.46 The result of the tests shall be displayed in a similar format to the self-test when MMI    
is powered on. (M) 
					",-,similar,-,-,-
"
						5.2.4.2     For data applications, calls shall be possible even if the driver MMI is switched off. (M) 
					",-,-,-,-,-
"
						5.2.4.3     The Cab radio may need to conserve battery power when the radio is powered up but 
the MMI is switched off. (I) 
Handling of call priorities 
					",-,-,-,-,-
"
						5.2.4.6     The  Cab  radio  shall  be  capable  of  handling  contention  between  calls  of  differing 
priorities. (M) 
					",priorities,-,-,-,-
"
						5.2.4.8     Where pre-emption occurs, an advisory indication may be provided to the pre-empted 
parties. (O) 
					",advisory,-,indication,-,-
"
						5.2.4.11 If run-time diagnostics are implemented, failure of an interface shall be reported to the    
driver via the display. (M) 
					",-,-,-,-,-
"
						5.2.4.13 If  run-time  diagnostics  are  implemented,  diagnostic  tests  shall  not  interfere  with    
normal operation of the Cab radio. (M) 
					",normal,-,-,-,-
"
						5.2.4.14 Railways will require facilities to support the use of automatic test equipment with    
mobile radios. (I) 
					",automatic,-,facilities,-,-
"
				5.3.1     Train-mounted  equipment  including  the  Cab  radio  terminal  equipment,  MMI  and 
antenna shall comply with all specifications in section 4.3 and all of those defined in 
this section. (M) 
				",-,-,-,-,-
"
				5.3.3     Measures should be taken to reduce the risk of theft of radio equipment. Examples of 
such measures include physical protection, alarms and access control measures. (I) 
				",-,-,include,-,-
"
				5.3.4     Ease of maintenance should be taken into account in the design and installation of 
radio equipment. For example, maintenance access to antennas on vehicles should be 
provided. (I) 
Electrical   
				",ease,-,-,-,-
"
				5.4.2     Radio equipment installed in a drivers Cab shall not obstruct the drivers vision or 
otherwise hinder the safe driving of the train. (M) 
				",-,-,-,not,-
"
				5.4.2i   The design of the equipment shall make it possible to install it within a cab complying 
with the requirements of UIC fiche 651 concerning the layout of cab equipment . (M) 
				",-,-,possible,-,-
"
				5.4.3     All call related functions shall be possible with the handset on or off the hook. (M) 
				",related,-,-,-,-
"
				5.4.9     Displayed characters shall have a minimum height of 5mm. (M) 
				",-,minimum,-,-,-
"
				5.4.14     Where there is a risk that stored numbers or other set-up details may be accidentally 
changed,  facilities  should  be  provided  on  the  Cab  radio  in  order  to  prevent  this 
happening. (O) 
				",-,-,details,-,-
"
				5.4.15     Cab radios shall provide a means of preventing tampering. (M) 
Service availability 
				",means,-,-,-,-
"
				5.4.16     If  contact  with  the  mobile  radio  network  is  lost,  then  the  Cab  radio  shall  give  an 
audible and visual indication. (M) 
				",-,-,indication,-,-
"
				5.7.1     A driver safety device (DSD) interface should be provided in traction units that are 
equipped with a DSD in order to support the transmission of a DSD alarm. (O)  
				",unit,-,-,-,-
"
				5.7.1i   If such an interface is implemented, it shall be capable of being connected to a device 
complying  with  UIC  fiche  641   concerning  automatic  vigilance  devices  used  in 
international traffic. (M) 
				",automatic,-,-,-,-
"
				5.7.2     The activation of the driver safety device shall automatically trigger the Cab radio to 
send a data message. (M) 
				",-,-,-,-,-
"
				5.7.4     DSD alarm information shall be transmitted to the primary controller. (M) 
				",-,-,-,-,-
"
												6.2.1.2     The following functions will be provided:  
Call related functions 
						",-,-,-,-,-
"
						6.2.2.3     A special MMI action shall be required for a General purpose radio user to send a 
Railway emergency call. (M) 
					",-,-,special,-,-
"
						6.2.2.5     An audible and visual indication of an incoming call shall be provided. (M) 
					",-,-,indication,-,-
"
						6.2.2.6     Where available, the functional identity of the calling party shall be displayed. (M) 
Receive incoming group or broadcast voice call 
					",-,-,-,-,-
"
						6.2.2.7     A short audible and visual indication of the incoming call shall be provided. (M) 
					",short,-,indication,-,-
"
						6.2.2.9     If the call is a broadcast call, the user shall be informed that he cannot speak as part of 
the broadcast call. (M) 
					",part,-,-,-,-
"
						6.2.2.11 In a group call, a visual indication shall be provided to remind the user of the need to    
use the PTT function. (M) 
			",-,-,indication,-,-
"
						6.2.2.12 The user may not speak in a group call until permission is granted by the network after    
using the PTT function. (I) 
					",-,-,-,-,-
"
						6.2.2.13 In a group call, an audible and visual indication of whether the request was successful    
shall be provided. The user may then talk whilst the PTT function is used. (M) 
					",-,-,indication,-,-
"
						6.2.2.15 Reception  of  this  call  (if  implemented)  shall  proceed  as  for  a  standard  group  or    
broadcast call except that a distinctive audible and visual indication shall be provided. 
(M) 
Terminate calls 
					",distinctive,-,indication,-,-
"
												6.2.3.1     The  radio  shall  have  an  on/off  switch.  Switching  the  radio  on  shall  initiate  the 
following: (M) 
						",-,-,-,-,-
"
						6.2.3.2     At this point, the radio will be able to receive all calls initiated using the telephone 
number or appropriate group call number. (I) 
					",-,-,-,-,-
"
						6.2.3.7     When the radio is first powered on, the language that appears on the display shall be 
the default one set by the national railway. (M) 
Select mobile radio network 
					",-,-,-,-,-
"
						6.2.3.8     Where  more  than  one  mobile  radio  network  is  available  for  use  by  a  mobile,  the 
selection of the network to use shall be automatic (see section 10.5). (M) 
					",automatic,-,-,-,-
"
						6.2.3.9     When the mobile changes network automatically, a visual and audible indication shall 
be given. (M) 
					",-,-,indication,-,-
"
						6.2.3.9i  It shall be possible for a user to override the automatic network selection manually. 
This function shall not be available during calls. (M) 
Register and deregister functional number 
					",automatic,-,-,-,-
"
												6.2.3.10 It shall be possible to register and deregister a functional number in the following way:     
						",way,-,-,-,-
"
						6.2.3.11 Where a change of functional number is required, it shall be possible for the user to    
initiate the change. (M) 
Store/retrieve numbers and their details 
					",-,-,details,-,-
"
						6.2.3.12 It  shall  be  possible  for  the  user  to  find  and  display  stored  numbers  and  their    
information. (M) 
					",-,-,-,-,-
"
						6.2.3.13 It shall be possible for the user to store and/or overwrite numbers and their details in    
the radio. (M) 
Computer interface 
					",-,-,detail,-,-
"
						6.2.3.14 A standard data interface should be provided to allow a computer to be connected to    
the radio. (O) 
					",standard,-,details,-,-
"
					6.3.2     The General purpose radio should be small, compact and easy to carry. (I) 
				",small*compact*easy,-,-,-,-
"
					6.3.4     The weight of the General purpose radio including battery should not exceed 250g. (O)  
Electrical   
				",-,-,-,-,-
"
										6.3.5     General  purpose  radios  should  be  equipped  with  rechargeable  batteries  capable  of 
providing  a  minimum  of  eight  hours  operation  from  a  single  charge  based  on  the 
following cycle (see section 4.3.9): (O) 
					",-,minimum,-,-,-
"
					6.3.6     Changing the battery should not result in losing data stored in the radio. (O) 
				",-,-,-,-,-
"
					6.3.7     The General purpose radio should be suitable for use with a car adapter kit. (O) 
				",suitable,-,-,-,-
"
						6.4.1.2     The MMI should be suitable for use both by day and night. (O) 
					",suitable,-,-,-,-
"
						6.4.2.3     A Push-To-Talk function shall be provided. The Push-To-Talk function does not need 
to be a dedicated button. (M) 
					",-,-,-,not,-
"
						6.4.2.4     Four buttons should be provided for designated stored numbers. These buttons need 
not be dedicated buttons. (This facility is required to allow calls to specified users to be 
initiated quickly.) (O) 
					",-,-,-,-,-
"
						6.4.2.5     Stored  numbers  and  other  set-up  details  should  be  protected  against  accidental 
alteration. (O) 
					",-,-,details,-,-
"
						6.4.3.1     A visual and audible indication shall be given when the remaining capacity of the 
battery is such as to enable only 10 minutes of full duplex call time. (M) 
					",-,-,indication,-,-
"
						6.4.3.2     A network service availability indication shall be provided to the user. (M) 
					",-,-,indication,-,-
"
						6.4.3.3     A visual indication shall be provided to the user if the network service is no longer 
available. (M) 
					",-,-,indication,-,-
"
						6.4.3.4     An  audible  indication  should  be  provided  to  the  user  if  the  network  service  is  no 
longer available. (O) 
					",-,-,indication,-,-
"
												7.2.1.2     The following functions will be provided: 
Call related functions 
						",related,-,-,-,-
"
						7.2.2.4     Once an appropriate number has been obtained, the radio shall attempt to establish a 
call to this number with railway operation priority. (M) 
					",appropriate,-,-,-,-
"
						7.2.2.5     An  audible  and  visual  indication  shall  be  provided  to  the  user  that  the  call  is 
proceeding. (M) 
					",-,-,indication,-,-
"
						7.2.2.6     When the call is connected to the controller, an audible and visual indication shall be 
provided to the user. (M) 
					",-,-,indication,-,-
"
						7.2.2.8     Where available, an alphanumeric description of the identity of the connected party 
shall be displayed. (M) 
					",standard,-,description,-,-
"
						7.2.2.9     If the system is not able to connect the call, an audible and visual indication shall be 
provided to the user. (M) 
Send Railway emergency call 
					",-,-,indication,-,-
"
												7.2.2.12 If  the  emergency  call  function  is  disabled,  a  visual  indication  and  short  audible    
indication shall be given when:  
						",short,-,indication,-,-
"
						7.2.2.13 An audible and visual indication of an incoming call shall be provided. (M)    
					",-,-,indication,-,-
"
						7.2.2.14 Where available, the functional identity of the calling party shall be displayed. (M)    
Receive incoming group or broadcast voice call 
					",standard,-,-,-,-
"
						7.2.2.15 A short audible and visual indication of the incoming call shall be provided. (M)    
					",short,-,indication,-,-
"
						7.2.2.17 If the call is a broadcast call, the user shall be informed that he cannot speak as part of    
the broadcast call. (M) 
					",part,-,-,-,-
"
						7.2.2.18 If the call is a group call, the user has to request permission to speak during the call by    
using the Push-To-Talk (PTT) function. (M) 
					",-,-,-,-,-
"
						7.2.2.19 In a group call, a visual indication shall be provided to remind the user of the need to    
use the PTT function. (M) 
					",-,-,indication,-,-
"
						7.2.2.21 In a group call, an audible and visual indication of whether the request was successful    
shall be provided. The user may then talk whilst the PTT function is used. (M) 
					",-,-,indication,-,-
"
						7.2.2.23 Reception of this call shall proceed as for a standard group or broadcast call except that    
a distinctive audible and visual indication shall be provided. (M) 
Terminate calls 
					",distinctive,-,indication,-,this
"
						7.2.2.25 The Operational radio should provide facilities to support shunting mode as described    
in section 14. (O) 
					",-,-,-,-,-
"
						7.2.2.26 If shunting mode is implemented, a means to enter and leave shunting mode shall be    
provided. (M) 
					",means,-,-,-,-
"
						7.2.2.28 If shunting mode is implemented, the link assurance tone shall be provided via the    
loudspeaker. (M) 
Direct mode 
					",-,-,-,-,-
"
						7.2.2.29 A means to enter/leave the direct mode of operation should be provided (see section    
15). (O) 
					",means,-,-,-,-
"7.2.3.5 Prompts and messages shall be capable of being displayed in at least 10 languages 
(each railway will choose which languages will be implemented). (M) 		",-,-,-,-,-
The user shall be able to select his preferred language for the display; this setting shall be retained by the radio. (M)		,-,-,-,-,this
"Where  more  than  one  mobile  radio  network  is  available  for  use  by  a  mobile,  the 
selection of the network to use shall be automatic (see section 10.5). (M) 			",automatic,-,-,-,-
"When the mobile changes network automatically, a visual and audible indication shall 
be given. (M) 			",-,-,indication,-,-
"it shall be possible for a user to override the automatic network selection manually. 
This function shall not be available during calls. (M)Register and deregister functional number.			",automatic,-,-,-,-
"Where a change of functional number is required, it shall be possible for the user to    
initiate the change. (M) 
Store/retrieve numbers and their details				",-,-,details,-,-
"It  shall  be  possible  for  the  user  to  find  and  display  stored  numbers  and  their    
information. (M) 				",-,-,information,-,-
"It shall be possible for the user to store and/or overwrite numbers and their details in    
the radio. (M) Computer interface 			",-,-,detail,-,-
"A standard data interface should be provided to allow a computer to be connected to    
the radio. (O) 				",standard,-,-,-,-
"
The Operational radio should be capable of withstanding exposure to the following extreme environmental conditions: (O) 
					",-,-,condition,-,-
"The  Operational  radio  shall  be  of  a  rugged  design  suitable  for  use  in  the  railway 
environment by operational railway personnel. (M)	",suitable,-,-,-,-
"Controls  shall  be  designed  such  that  they  are  suitable  for  use  by  people  wearing 
gloves. (M) 			",-,-,suitable,-,-
"Controls shall be designed for use in a wide range of conditions, eg splash proof and 
suitable for viewing in direct sunlight and in darkness. (M)			",-,-,wide range*wide,-,-
The Operational radio should be suitable for use with a car adapter kit. (O)  			,-,-,suitable ,-,-
"The MMI shall be suitable for use by day and night. (O) 
					",day*night,-,suitable ,-,-
The emergency button shall be designed to avoid accidental use. (M) 				,-,accidental,-,-,-
"If shunting mode is implemented, the link assurance button shall be designed to avoid 
accidental use. (M) 		",-,accidental,-,-,-
A dedicated Push-To-Talk button shall be provided. (M) 				,-,-,-,-,-
"A visual and audible alarm shall be given when the remaining capacity of the battery is 
such as to enable only 10 minutes of full duplex call time. (M) 				",-,audible ,such,-,-
"An  audible  indication  should  be  provided  to  the  user  if  the  network  service  is  no 
longer available. (O) 				",-,-,-,-,-
"Detailed  specification  of  controller  equipment  and  the  interface  between  such 
equipment and the EIRENE network is at the discretion of the railway operator. (I)				",-,Detailed ,-,-,-
The primary controllers MMI should provide the following functionality: (O) 			,-,-,-,-,-
"For post incident analysis, the controller equipment should provide the possibility to 
record all operational speech and data calls. (O)",-,possibility,-,-,-
"At  the  detailed  level,  different  controllers  may  have  specific  addressing  needs,  eg 
catering controllers will need to call specific vehicles in a train. (I) 			",-,-,specific*specific,-,-
"The controller equipment must be designed to function correctly in a railway operating 
environment, such as control centres and signal boxes. (I)			",-,-,such,-,-
"The  EIRENE  system  shall  enable  users  to  originate  and  receive  calls  by  functional 
number. (M) 				",-,  functional ,-,-,-
 The use of train numbers to address trains shall not result in any ambiguities. (I) 			,-,-,-,not,-
"The use of engine/coach numbers to address trains shall not result in any ambiguities. 
(I)				",-,-,-,not,-
Every on-engine/coach function shall be identified by a unique standard number. (M),standard ,-,-,-,-
Every maintenance team number shall be based on an association of: (M) 				,-,-,-,-,-
"
Group  call  service  areas  shall  be  freely  configurable  within  the  operational 
responsibility of each railway network. (M) 
					",-,freely,-,-,each
"In some countries, train numbers are alphanumeric. Support for such numbers is not 
required for interoperability. (I)	",-,-,-,not,such
"  Telephone numbers can be defined on a national basis, but codes for certain functions 
shall be used on an international basis in order to allow interoperability. (M) 		",international ,-,-,-,-
"To provide interoperability between the fixed railway networks within the EIRENE 
network, standardisation of UIC group numbering will be required. (I)			",-,-,-,-,-
" In network boundary areas, the pre-defined local area shall be allocated on a bilateral 
basis. (M)		",-,-,-,-,-
"  Authorised users within the EIRENE network shall be able to receive calls from calling 
parties outside the EIRENE network. (M) 
				",-,-,-,-,-
" The lowest priority ongoing call shall be pre-empted before that of a higher priority. 
(M) 
				",-,-,-,-,that
"Any  implementation  of  such  call  restrictions  shall  not  affect  international 
interoperability. (M) 		",-,-,-,-,such
"A mobile may be a member of a number of groups. It shall be possible to activate or 
deactivate the mobiles subscription to these groups. (M) 			",-,-,-,-,these*it
" Activating a group on the mobile shall allow a user to receive a call from that group. 
(M) 			",-,-,-,-,that
"Deactivating  a  group  on  the  mobile  shall  prevent  a  user  receiving  calls  from  that 
group. (M)  			",-,-,-,-,that
"In  order  to  provide  interoperability,  Cab  radios  will  be  members  of  a  number  of 
standard groups:",-,-,standard,-,-
"Authorised networks shall be listed (or automatically selected if automatic selection 
has been enabled) in the following order: (M)					",-,-,-,not,-
"Where EIRENE facilities are not available within the currently selected network, the 
user shall be given a visible indication. (M)				",-,-,-,-,-
" The access matrix defines which subscribers are able to contact which other subscribers 
within the EIRENE network. (M) ",-,-,-,-,-
"Other  uses  of  functional  addressing  will  include  identifying  on-train  functions  and    
other users performing particular roles such as shunting team leaders, maintenance 
team members, etc. (I) 			",-,-,-,-,-
"It shall be possible to assign up to a minimum of 3 functional numbers to an EIRENE    
user at any one time. (M)				",-,-,-,-,-
"A user shall be able to set up a functional number on one network, and cancel the    
number from another network. (M)			",-,-,-,-,-
"The functional number shall consist of numeric characters only. (M)    
					",-,-,-,-,-
"If  alphanumeric  numbers  are  applied  by  a  national  railway,  the  railway  will  be    
responsible for the translation to unique numeric functional numbers compatible with 
the EIRENE specification. (I)			",-,-,-,-,-
"For broadcast and group voice communications, the functional identity provided shall    
be that of the broadcast or group identity. (M) 
					",-,-,-,-,-
"The functional addressing scheme shall be supported by a straightforward procedure    
for registration of functional numbers. This procedure shall be carried out by the user 
on commencement of the functional role. (M)				",straightforward,-,-,-,-
"It should be possible for the system to prevent certain types of users from registering 
functional numbers that they are not authorised to use, for example: (O)		",-,-,certain,-,they
"It shall be possible to register up to ten functional numbers to items of equipment    
physically connected to the Cab radio within 30 seconds. (M) 
					",-,-,-,-,-
"The  registration  procedure  shall  provide  a  means  to  prevent  mis-allocation  of    
functional numbers during registration. (M)			",-,-,-,-,-
"The functional number deregistration facility shall be supported by all EIRENE user    
equipment. (M) ",-,-,-,-,-
"Location dependent addressing shall be provided to route calls for a given function to 
a destination number that is dependent upon the users location. (M)			",-,-,-,-,-
"The functions to which calls shall be routed based upon the location of the mobile shall 
include: (M)			",-,-,-,-,which
"When  operating  with  location  dependent  addressing,  no  manual  action  shall  be 
required to update the system when a mobile moves between locations. (M)			",-, dependent ,-,-,-
"The aim of this section is to define the features and level of performance required for 
this service in order to ensure interoperability. (I)",-,-,-,-,-
" If a message is safety related, the safety mechanisms will be included at the application 
level and do not concern the EIRENE system. (I) 
				",-,safety,-,not,-
" The maximum length of a message segment shall be 96 characters. A message can 
include several segments. (M)		",-,-,several ,-,-
" The text message facility shall not interfere with the ability of users to use the radio. 
(M) 		",-,-,-,not,-
"A standard data interface between the mobile and the application module shall be 
provided. (M) 		",standard,-,-,-,-
"This section describes the handling of high priority voice calls for railway operational 
emergencies and does not cover public emergency calls (ie handling of 112 calls). (I)			",-,-,-,not,-
" The type of call initiated shall be determined automatically, based upon the mode of 
operation of the radio. (M)	",-,automatically,-,-,-
"The appropriate ERTMS/ETCS RBC should be informed when a Train emergency call 
is initiated. (O) 
Shunting emergency call 	",-,-,-,-,-
A connection of Railway emergency priority (see section 10.2) shall be established to a pre-determined set of receiving mobiles and controller(s). (M)		,set ,-,-,-,-
"During this period the user shall be provided with an audible and visual indication 
that the system is trying to connect the call. (M) 
					",-,-,-,-,this*that
"After  the  30  second  period,  if  the  connection  was  unsuccessful,  the  system  shall 
provide another audible and visual indication that it was unable to connect the call. 
(M) 
					",-,-,-,-,-
"A continuous visual indication that the emergency function has been activated shall be    
provided at the originating and all receiving terminals. (M) 
					",-,-,-,-,-
"A speech connection shall be established immediately following the warning tone, to    
allow the originator of the emergency call, to give information concerning the nature of 
the emergency. (M) 		",-,immediately,-,-,-
"Speech should be possible to allow a controller receiving the warning tone to give 
information. (O)				",-,-,-,-,-
"Additionally,  speech  should  be  possible  to  allow  other  mobile  users  receiving  the    
warning tone to give information. (O)  
					",-,Additionally,-,-,-
"If the radio loses contact with the network, the mechanism shall commence as soon as 
possible on regaining communications, for up to a maximum of 5 minutes without 
achieving contact. (M) 
				",soon,-,possible ,-,-
" For Railway emergency calls received by a mobile, the automatic confirmation message 
of the receiving mobile shall contain: (M)				",-,-,-,-,-
"The  confirmation  message  shall  be  received  at  the  central  location  with  a  99% probability of success within 5 minutes of call termination. (M) 
				",success,-,-,-,-
"The  performance  of  the  confirmation  procedure  shall  not  be  dependent  upon  the 
current use of the mobile and shall not overload the network. (M)  
				",-,-,-,not,-
"There  is  a  requirement  to  regulate  the  membership  of  shunting  groups  to  prevent 
uncontrolled membership. (I) 
				",regulate,-,-,-,-
"Within the shunting group, it shall be possible for only one member of the group to 
transmit the link assurance signal at any time. (M) 
				",-,-,-,-,-
"The link assurance signal shall be used to provide an audible indication to all group 
members. For the driver, this indicates that the radio link is operational. (M)		",audible,-,-,-,-
"If a user, other than the shunting leader, attempts to make another call whilst being an    
active member of a shunting group, the attempt shall be ignored. (M)	",-,-,-,-,other
"The shunting leader shall then be able to allow the external user to join the shunting 
communication. (M) 
				",-,-,-,-,-
"National railways will be responsible for limiting the availability of equipment that is 
capable of taking part in shunting communications to persons that are authorised to 
engage in such communications. (I) 
				",-,-,-,-,-
"In order to fulfil the requirements of some railways, it should be possible to provide an 
alternative means of link assurance indication. (O) 
				",-,-,possible,-,-
"Operating flexibility: 
					",-,-,-,-,-
"Management flexibility: 
					",-,-,-,-,-
"Implementation  of  direct  mode  is  optional.  Where  the  facility  is  provided,  the 
following requirements are mandatory. (O) 
				",-,-,-,-,-
"Master Password has no limits in length. A whole sentence can be used with more than 100 characters.
",-,-,-,-,-
"
There must be entries in the database in order for them to be printed
",-,-,-,-,them
"
A subgroup cannot be created when no group is selected
",-,-,-,not,-
"
A name is required in order for the group/subgroup to be renamed
",-,-,-,-,-
"
In order to find something in a group a word must be placed in the find field
",something,-,-,-,-
"
An entry must be selected to be viewed or modified",-,-,-,-,-
"
When the password field is changed the repeat password field must be Changed and be identical with password field
",-,-,-,-,-
"An internet connection and a browser are required in order to download new language translations
For the following features, use cases are not included",-,-,-,not,-
"
The prefix “Auto-Type:” is required in front of each sequence
",-,each,-,-,-
"If two auto-types are referred in one note field, only the first is used",-,-,-,-,-
"
If there is a composite key, both master password and key file are required
",-,-,-,-,-
"There is no backdoor or key that unlocks all databases
",-,-,-,-,-
"
When a TAN is used, it expires automatically and can never be used again.
",-,automatically,-,-,-
"Must use a SQL based database. SQL standard is the most widely used database format. Restricting to SQL allows easy of use and compatibility for Web Store.
            ",-,widely,-,-,-
Assume Yoggie will freeze the baseline of the USB system after delivery.,-,-,-,-,-
 Upon the USB being plugged in the system shall be able to be deployed and operational in less than 1 minute.,-,-,-,-,-
The system shall be able to handle 1000 customers logged in concurrently at the same time.,-,-,-,-,-
The system shall be able to retrieve 200 products per second.,-,-,-,-,-
The system shall be able to add product to shopping cart in less than 2ms.,-,-,-,-,-
The system shall be able to email customer and vendor in less than 1 second.,-,-,-,-,-
The system shall be able to validate credit card in less than 2 seconds.,-,-,-,-,-
The system shall be able to acquire shipping charges in less than 2 seconds.,-,-,-,-,-
The system shall be able to restore 1000 records per second.  ,-,-,-,-,-
The system will do periodic backups through a live internet connection.      ,periodic,-,-,-,-
The system shall validate credit cards against fraud                  ,-,-, validate ,-,-
The system shall encrypt all sensitive information via https.,sensitive,-,-,-,-
 The system shall auto detect IP DOS attacks and block IP automatically.,-,-,-,-,-
"For returning customers, the system shall validate 'existing' credit card in system after each log in.",-,-,-,-,-
The system shall automatically compress image files that are too large in size.,-,-,too large,-,-
The system shall validate email address existence.                       ,-,-,-,-,-
The system shall be easy to use                    ,easy,-,-,-,-
The system shall be easy to learn,validate ,-,-,-,-
The system shall employ easy to locate buttons,-,-,-,-,-
The system shall prompt customer with friend easy to read error messages.,easy,-,-,-,-
The system shall utilize consistent symbols and colors for clear notifications.,-,-,consistent*clear,-,-
The system shall utilize interchangeable plugins.,-,-,interchangeable,-,-
The system shall be easily updatable for fixes and patches.,easily,-,-,-,-
The system shall be easy to upgrade.        ,easy,-,-,-,-
The system shall be extremely portable via the usb drive.                       ,-,extremely ,-,-,-
The system shall be easy to migrate or backed up via another usb drive.                         ,another ,-,-,-,-
The system should be able to run under debug mode.,-,-,-,-,-
The system hardware shall be fixed and patched via an internet connection.,-,-,-,-,-
Yoggie shall coordinate on future enhancement and features with our organization.,-,-,-,-,-
The system shall adhere to the following hardware requirements:,-,-,-,-,-
"Resource provisioning, delegation and reservation policies are in place",-,-,-,-,-
Web servers have already replicated necessary content.,-,already ,-,-,-
Mediator works in conjunction with the PA to establish negotiation.,-,-,-,-,-
Malicious requests are identified and acted upon.,-,upon,-,-,-
There are existing policies for long-term peering arrangement.,-,-,long-term,-,-
There is procedure to perform short-term negotiation.  ,-,-,short-term,-,-
Negotiation is established between selected CDN peers.,-,-,-,-,-
Primary CDN has already acquired sufficient external resources.,-,-,sufficient ,-,-
Functional policies are identified and deployed.,-,-,-,-,-
Effective content delivery is ensured through SLA satisfaction.,Effective ,-,-,-,-
Policies are in place to perform renegotiation for problem resolution.,-,-,-,-,-
Some of the general requirements which have a direct effect on the software  are here explicitly transformed into software constraints. These are:,-,general,,-,-
"I think you should include Rick’s information about complexity criteria here,  so show that we are aiming to achieve as simple as system as we can which meets the  requirements. — Steven.",simple,simple,,-,-
"The various types of data were presented earlier.  This section examines  the input, output, and interrelationships of the various data types.",-,various*various,,-,-
Time synchronization is commonly required among control subsystems.  These commands are to permit appropriate time synchronizations. Times will be  provided in IRIG-B format as UTC. TBD,-,appropriate,,-,-
The following commands are common to all IOC-based subsystems.  (Most control subsystems are IOC-based.) These commands are processed by the  IOC subsystem.,-,common,,-,-
"Regardless of the status of an inactive instrument, it shall not be possible for any of its permitted  actions to adversely impact the active instrument",-,possible,,not,-
All Gemini Software must be designed with human engineering requirements  under consideration. The human engineering requirements for Gemini Software include:,-,human*human,,-,-
In this mode the monitor's screen appears as a duplicate of  that seen by the observer. The monitor's keyboard would not have  any effect on the observer's environment,-,-,,not,'s*'s*'s
There are several means of transmitting commands and data across the  Gemini system:,-,several,,-,-
"Being in itself a distributed telescope system and having a large number of  instruments, the Gemini 8m Telescopes system has internal communication needs.",-,large,,-,-
"These requirements apply to the commands and replies  between sub-systems (including status information requests and replies),  information ﬂow to and from on-line databases, and commands  and software for the IOCs.",-,-,,-,-
"Final storage locations for the data types is presented here, along with  a description of the different databases  that are available.",-,final*different,,-,-
Privileges and protections are also important parameters  to deﬁne user operations.,-,important,,-,-
This could be done at an Gemini 8m Telescopes base facility  during the day.,-,-,,-,-
For each class of developer a speciﬁc set of skills is required.  The following sections list those that would be commonly used.,-,-,,-,-
"Only the development systems are considered here.  Installed systems  are to be chosen later, based on available technology and experiences with the development  systems.",-,only,,-,-
"All accesses to the control electronics hardware will be  through VME IOC's,  using the EPICS software.  No other control interfaces are permitted.",-,other,,no,'s
"These are all topics that would be covered in an EPICS Basics, Building  and Using Applications course.",-,-,,-,-
The Gemini system maintenance philosophy is described in the Software  Management Plan (SMP). Preventative maintenance is scheduled as speciﬁed in the  Gemini Design Requirements Speciﬁcation.,-,-,,-,-
"The different observing modes (interactive, queue-based,  remote-operations and service) impose constraints on software design.",-,different,,-,-
"Regardless of application, the Gemini software exhibits numerous common  attributes. These attributes are described in this section.",-,numerous*common,,-,-
All equipment shall support a programmed adjustment and maintenance  interval of 30 days or longer,-,-,,-,-
The following commands affect the behavior of a subsystem  independently of the speciﬁc task of that subsystem.,-,-,,-,-
Hardware constraints are covered in the individual chapters  the Software Design Description.,-,individual,,-,-
"EPICS consists of a set of core software and a set of optional components.  The core software, i.e. the components of EPICS without which EPICS would not function, are:",-,-,,not,-
"It should be a goal, but not a requirement, that the interface provide support for",-,-,,not,-
"Regardless of application, the software and control systems produced as part  of the Gemini Project Work Packages exhibit numerous common attributes. The speciﬁc  attributes described in this document are:",-,numerous*common,,-,-
"Within the OCS, all commands are represented as ASCII strings.  Fields within the command are labelled and nesting is permitted using braces ({ , }).  For example, a typical command might be:",-,typical,,-,-
Some subsystems may need to obtain information from other systems  within the Gemini control system. This access is accomplished using the same  communication and database access commands as given above.,-,other*same,,-,-
There are a number of general constraints placed on the Gemini Software.  These are:,-,general,,-,-
The computer hardware used for development must conform to  the following:,-,-,,-,-
"Standard interfaces to the control electronics shall be available, in the form of:",-,standard,,-,-
The Gemini 8m Telescopes software must interface to the external software  and clearly the interfaces are fully part of the  Gemini 8m Telescopes software.,-,external,,-,-
In the last case they will use a remote User interface to  submit commands to the Gemini 8m Telescopes scheduler at the Gemini  8m Telescopes site.,-,last,,-,-
The interpretation of this table is that we should discover the failure of a  subsystem 90% of the time before the failure impacts observing.,-,-,,-,-
"This has to be deﬁned in [SMP] and [SCP] (see Applicable Documents, Section 1.3),  which will cover:",-,-,,-,-
These constraints recognize that the majority of the expense in changing  hardware standards is the cost of the software. Particular constraints are:,-,particular,,-,-
The internal (within the IOC) implementation of this  database is to be based  on EPICS. The implementation within the host workstation is TBD.,-,internal,,-,-
The following sections describe the Monitor Temperature component of the THEMAS system.,-,-,,-,-
The valid temperature range value shall reside in an initialization file. This procedure shall read the initialization file and establish the valid temperature range from the data in it.,-,-,,-,-
"When the current temperature value exceeds the current temperature setting by a pre -defined amount, the THEMAS system shall activate the appropriate heating or cooling unit.s",-,current*current*appropriate,,-,-
The THEMAS system shall only respond to temperatures that are within a reasonable value.,-,only*reasonable,,-,-
Temperature Trigger Exceeded Temperature Limit Exceeded,-,-,,-,-
There shall be a maximum number of heating or cooling u nits that can be on at any given time. This procedure loads the maximum number of concurrently running units allowed.,-,maximum*maximum,,-,-
The THEMAS system shall ensure the temperature reported by a given thermostat shall not exceed a maximum deviation value of 3 degrees Fahrenheit.,-,maximum,,not,-
Each thermostat shall have a unique identifier by which that thermostat is identified in the THEMAS system. This procedure will load these definitions into the THEMAS software.,-,-,,-,-
The overtemperature values shall reside in an initialization file. This procedure shall read the initialization file and establish the overtemperature value from the data in that file.,-,-,,-,-
The THEMAS system shall only respond to temperatures from the thermostats that are within the specified valid range.,-,only,,-,-
The trigger value is used in combination with the current temperature to determine when a heating or cooling unit shall be turned on or off.,-,current,,-,-
Heating Unit Signal Cooling Unit Signal Unit Status System Events,-,signal*signal,,-,-
"For each event that is generated, the THEMAS system shall identify each event and generate the appropriate event data.",-,appropriate,,-,-
**DELETED** [SSS260] **DELETED** [SSS261] **DELETED**. [SSS262] **DELETED** [SSS263] **DELETED**. [SSS264] **DELETED** [SSS265] **DELETED** [SSS267],-,-,,-,-
The TCS shall be sea transportable. [SSS523],-,-,,-,-
"The TCS shall have the functionality to determine the location of items of interest within the payload field of view, and express these locations in coordinates acceptable for military applications. [SSS207]",-,acceptable,,-,-
"The TCS data latency shall not be greater than that present in the Predator ground control station or Outrider ground control station, whichever is smaller. [SSS409]",-,present,,not,whichever
The TCS shall be capable of operating continuously in functional Operation Mode for a minimum of 72 hours. [SSS442],-,capable,,-,-
TCS shall be capable of executing workstation and peripheral equipment maintenance software and displaying appropriate status results. [SSS248],-,capappropriate,,-,-
The TCS shall have sufficient throughput to support the processing requirements of the selected data link. [SSS382],sufficient,sufficient,,-,-
TCS shall be capable of executing data terminal maintenance software and displaying appropriate status results. [SSS247],-,capappropriate,,-,-
"The TCS shall provide the functionality to control the power, transmitter signal strength, and frequencies used by ADT for data link communication. [SSS134]",-,signal,,-,-
TCS shall be capable of executing AV maintenance software and displaying appropriate status results. [SSS245],-,capappropriate,,-,-
Only documents that are directly referred to in this document are included in the document lists.,-,only,,-,-
"The interface requirements and specifications will be defined in the TCS to JSIPS-AF IDD, TCS 211.",-,-,,-,-
The TCS shall be air transportable by helicopter (CH-47/CH-53D) and C-130 drive-on/drive-off capable. [SSS522],-,capable,,-,-
"The TCS will provide the necessary hardware and software functionality to allow the TCS to integrate with Service Mission Planners. The Service Mission Planners will consist of AMPS, AFMSS, and TAMPS.",-,necessary,,-,-
"In the Maintenance Operations Mode, if computer workstation Human Computer Interface (HCI) is required, the TCS shall support the following functions: [SSS041]",-,human,,-,-
"The states of operation of the TCS shall include Startup, Operation, and Shutdown. [SSS014] The TCS states shall not exist concurrently. [SSS015] Figure 3.1-1 shows the existing states of the TCS.",-,-,,not,-
All TCS internal data decisions will be left to the design and the requirement specifications for system components.,-,internal,,-,-
"This section not applicable, therefore tailored out.",-,-,,not,-
"The TCS shall provide the necessary hardware and software functionality to allow the TCS to integrate with ATWCS. [SSS305] The interface requirements and specifications will be defined in TCS ATWCS IDD, TCS203",-,necessary,,-,-
TCS shall be capable of executing payload maintenance software and displaying appropriate status results. [SSS246],-,capappropriate,,-,-
The TCS shall display the current search footprint and the search history of the payload on the map. [SSS157],-,current,,-,-
In the Normal Operations Mode the TCS shall support the following functions: [SSS037],-,normal,,-,-
"The TCS shall have the functionality to develop an estimate of the error in computed target coordinates, and associate the error estimate with the appropriate target. [SSS208]",-,appropriate,,-,-
The game statistics is composed of 10 player statistics.,-,-,,-,-
The user must undo and redo its last thousand actions.,-,last,,-,-
There can be only one user per machine.,-,only,,-,-
The number of block movement in incremented of 1. The difference of time of the block movement and the previous recorded time is recorded.,-,previous,,-,-
The user can cancel a movement.,-,-,,-,-
"The Simple Finish Window contains a the following text : ""You win !"" and a pushbutton with the label ""OK"".",simple,simple,,-,-
Leftclicked up on a selected block.,-,-,,-,-
The product must count and display the number of the user' asction.,-,-,,-,'
"The Simple Finish Window is closed. The statistic window is displayed, see chapter 3.2.3.4.",simple,simple,,-,-
Menu disappears. Requirements of the action determines the continuation.,-,-,,-,-
The following statistics are recorded during the game :,-,-,,-,-
The data stored in the statistic file are erased.,-,-,,-,-
The great square is moved at the bottom of the board.,-,great,,-,-
"If the file was correctly updated, there is no ouput. If not, like wrong pemissions or disk full, an error message is displayed.",-,wrong*full,,no*not,-
No qualification is necessary.,-,necessary,,-,-
End of the game (see chapter 3.2.2.1) or menu selection.,-,-,,-,-
Action in question is performed :,-,-,,-,-
New game board display.,-,new,,-,-
The user can redo a movement that has been canceled.,-,-,,-,-
The main window shall provide the following parts :,-,main,,-,-
"The game state becomes ""Block selection"".",-,-,,-,-
"The player clicks on the pushbutton ""OK"".",-,-,,-,-
Open a previous saved game.,-,previous,,-,-
"The product runs as a standalone application. Its user interface uses menus, graphics and sounds.",-,-,,-,-
The product must display a window with all the player' scores.,-,-,,-,'
Save the current game.,-,current,,-,-
The user could erase all the statistics.,-,-,,-,-
Case investigation should be supported by reusable questionnaire libraries that use common terminology (where available) to maximize the efficiency of data exchange.,-,common,,-,-
"Systems supporting OM must allow for dynamic, event-specific case investigation data to be captured.",-,-,,-,-
Systems supporting OM should have the ability to produce individual reports for each emergency team member or investigator.,-,individual,,-,-
"Systems supporting OM should capture information such as the date and time of an activity, activity type, who initiated the activity, and contact information to generate activity logs for management purposes.",-,such,,-,who
"Systems supporting OM should support multiple file formats for import and export, such as databases, spreadsheets, messages, and text files, among others",-,such,,-,-
"Contacts of exposed entities (e.g., people, animals, places) may be traced, investigated, and monitored.",-,-,,-,-
"Each investigation subject may be associated with exposure contacts, including unambiguous links to contacts in other jurisdictions.",-,other,,-,-
"Because attributes of both case and exposure data may describe the same entity, systems supporting OM must have the ability to avoid capturing redundant entity demographic information.",-,same,,-,-
"Contraindication information should be collected to indicate why vaccinations, treatments, or antidotes may not have been administered or why the patient may not have complied with prescribed interventions.",-,-,,not*not,-
Systems supporting OM should track the changes made to the status of case records as a result of changes in the case definition.,-,-,,-,-
Configuration management protocols and personnel should be identified to support multiple deployment options.,-,-,,-,-
"Systems supporting OM should be able to receive, parse and process messages for laboratory test request responses, in accordance with PHIN Laboratory Test Order Response Message Implementation Guide, available at www.cdc.gov/phin.",-,available,,-,-
Bar-coding should be supported for the capture of detailed specimen/sample data to improve the quality and efficiency of data collection.,-,-,,-,-
"The following high-level data requirements are necessary to ensure that the data being collected, analyzed, and reported to support OM are clearly defined.",-,necessary,,-,-
"Systems designed to support OM must offer configuration flexibility so that new data fields, entities, entity types and relationship types may be added to capture information unique to each particular health event.",-,particular,,-,-
"Data exchange should support analysis and information sharing of possible health events at all levels of public health (e.g., national, state, local).",-,possible*national,,-,-
"Systems supporting OM should be able to exchange messages for laboratory results with systems supporting surveillance, early event detection (EED), and other preparedness areas.",-,other,,-,-
"Travel history data to be collected for an animal or object should include shipping invoices, animal shelter delivery and adoption receipts, and delivery schedules (including delivery vehicle and driver information).",-,-,,-,-
"Systems supporting OM should support multiple deployment options (e.g., client server, disconnected, and potentially web based).",-,-,,-,-
"If the specimen/sample collection record does not exist, the laboratory result must be linked to the subject by the Subject ID.",-,-,,not,-
"Follow-up data may be received from take response exams of persons who received a countermeasure that requires such an exam (i.e., smallpox vaccination).",-,-,,-,who
"Demographic information should be collected about the investigator, including their name, address, and contact information, so that the investigator may be contacted to answer questions or to provide additional information.",-,-,,-,-
Systems supporting OM must be able to accept data from other partner systems supporting OM.,-,other,,-,-
"Systems supporting OM should have the ability to produce pre-formatted queries and reports to allow faster and more accurate reporting, while still allowing the flexibility of ad-hoc reporting.",-,accurate*still,,-,-
"Food sample data should include information about the lot number, batch number, manufacturer name, shipping invoice, temperature, sample type (e.g., dairy – milk, red meat, spice), and product storage condition.",-,-,,-,-
"Other descriptive details may be captured, such as occupation and work history.",-,other,,-,-
"Systems supporting OM should be capable of using configurable, domain-specific vocabulary.",-,capable,,-,-
Systems supporting OM should allow for analytical searches based upon multiple criteria.,-,-,,-,-
"Systems supporting OM must support capturing dynamic, event-specific data that describes contact between two subjects.",-,-,,-,-
"Systems supporting OM should have the ability to compare characteristics of exposed and non-exposed (i.e., controls) persons.",-,-,,-,-
Monitoring data should be collected about cases and exposed individuals who are isolated or quarantined because of a health event.,-,-,,-,who
"Systems supporting OM must support dynamically defined associations between entities for the purpose of defining relationships. For example, person-to-person (e.g., family relationship, exposure relationship), person-to-place (e.g., household, common place), animal-to-person, object-to-place, person-to-travel.",-,common,,-,-
Systems supporting OM should provide a manual or automatic means of updating the status of case records as the case definition changes.,-,automatic,,-,-
Systems supporting OM should be able to electronically record and store data from remote devices that may be uploaded to an aggregating system.,-,-,,-,-
Protocols and personnel should be identified to support the set-up and configuration of laptops and other field devices used in OM investigations.,-,other,,-,-
Systems supporting OM should provide the ability for computers in disconnected mode to reconnect to a server to share OM data among other computers that operate in disconnected mode.,-,other,,-,-
Follow-up data should be collected from subjects or their proxies to track symptoms and compliance with recommended treatment plans or prophylaxis.,-,-,,-,-
Countermeasures that have been administered must be linked to the entity that was administered the countermeasures.,-,-,,-,-
"As a minimum, call routing using location dependent addressing shall be based on the use of short codes in conjunction with cell dependent routing. (M)",-,short*dependent,,-,-
National EIRENE Numbers are used to set up calls within a single GSM-R network. (I),-,national,,-,-
The Service Area shall be defined on a national basis. (M),-,national,,-,-
Battery requirements shall be met based on full power during transmission and assuming hourly periodic location updating. (M),-,full,,-,-
References for all sections are included in appendix A. (I),-,-,,-,-
Figure 5-3 shows an example of how the Train Interface Unit may be implemented: (I),-,-,,-,-
A means of directed network selection should be provided to ensure that the MS registers with the required network. (O),-,-,,-,-
The purpose of shunting mode is to provide an effective means of communication to a group of personnel who are involved with a shunting operation. (I),-,effective,,-,who
The Operational radio shall be suitable for use with a car adapter kit. (M),-,suitable,,-,-
"Sections 13 to 15 describe the implementation of emergency calls, shunting mode and direct mode. (I)",-,direct,,-,-
"For consistent working on public networks and in international roaming, the use of access classes in a railway network shall comply with the GSM specification. (M)",-,consistent*international,,-,-
A Railway emergency call shall be initiated by using the appropriate function code for the required type of Railway emergency call (see Table 9-8). (M),-,appropriate,,-,-
This section identifies the system requirements for the EIRENE Cab radio. It defines how the functionality is to be provided by the Cab radio system and the man-machine interface. (I),-,-,,-,-
The logical architecture comprises a number of interfaces between the different EIRENE-MS elements. These are:,-,logical*different,,-,-
It is the responsibility of each individual GSM-R operator to acquire a public domain NDC from their national telecommunications regulator. (I),-,individual*public*national,,-,-
Additional guidelines on testing procedures may be taken from [prEN 50129] and [IEC 1508 part 1]. (I),-,additional,,-,-
"If no valid functional number is available, a fixed length User-to-User Information Element shall be used with the following format: (M)",-,available,,-,-
Each short dialling code shall consist of four digits. (M),-,short,,-,-
It shall be possible to configure Railway emergency group call areas to contain combinations of cells controlled by one or more MSC(s) within one or more network(s). (M),-,possible,,-,-
"The BC for access to other GSM-R networks is defined in table 9-12a, and is followed by the full international EIRENE number of the called party. (M)",-,other*full*international,,-,-
If registration is not successful an audible and visual indication shall be provided. (M),-,successful*visual,,not,-
Valid group IDs shall be as defined in table 14-9. (M),-,-,,-,-
Changing the battery shall not result in the loss of data stored in the radio. (M),-,-,,not,-
"By default, calls will have a priority of railway information calls (eMLPP priority designation 4). It shall be possible to store a priority in association with a stored number. (M)",-,possible,,-,-
EIRENE mobile equipment shall be capable of being stored (ie without being operational) at temperatures down to -40°C without any permanent damage. (M),-,capable,,-,-
The General purpose radio shall be suitable for use with a car adapter kit. (M),-,general*suitable,,-,-
The logical architecture of the General purpose radio is illustrated in figure 6-1. (I),-,logical*general,,-,-
SIM cards should be fixed into the radio to protect against accidental loss. (O),-,-,,-,-
Direct mode communications will only be used in the event of normal GSM-R services being unavailable. (I),-,direct*normal,,-,-
Specific environmental test procedures to be followed for EIRENE mobile equipment shall include the following tests as defined in the [IEC 68] series: (M),-,specific*environmental,,-,-
All handheld mobile equipment shall be capable of withstanding the following shocks: (M),-,capable,,-,-
All EMC emission and immunity tests shall be performed in accordance with guidelines defined in the [EN 61000-4] series and in [EN 50140]. (M),-,-,,-,-
EIRENE mobile equipment shall be capable of being subjected to both sinusoidal and random vibration. (M),-,capable,,-,-
The Operational radio shall be capable of withstanding the following shocks: (M),-,capable,,-,-
"Characters * and # may be used locally to gain access to special facilities such as short code dialling. However, these arrangements do not form part of the network numbering plan. (I)",-,special*short,,not,-
Any equipment mounted external to the train cab shall withstand the following additional physical conditions: (M),-,external*additional*physical,,-,-
The EIRENE System Requirements Specification defines the set of requirements which a railway radio system shall comply with in order to ensure interoperability between national railways. (I),-,national,,-,-
"Ease of maintenance should be taken into account in the design and installation of radio equipment. For example, maintenance access to antennas on vehicles should be provided. (O)",-,-,,-,-
Access from the GSM-R network to external networks shall be as detailed in section 9.10. (M),-,-,,-,-
Figure 5-1 shows the logical architecture of an EIRENE Cab radio. The architecture comprises the following elements: (I),-,logical,,-,-
Facilities shall be provided to prevent unauthorised calls to mobiles either by functional number or MSISDN number from outside the EIRENE network. (M),-,either,,-,-
"All Railway emergency calls shall be implemented using GSM VGCS (Specifications [EN 301 515, Index [21] & [4]]). (M)",-,-,,-,-
"To accommodate the different requirements of the individual railways, the following approach has been adopted: (I)",-,different*individual,,-,-
"The International EIRENE Number shall consist of three distinct parts, as shown in figure 9-2: (M)",-,international*distinct,,-,-
"Any group call controller who wishes to stop talking shall indicate his wish, for example by releasing the PTT button, whereupon the 3-digit DTMF sequence “#**” shall be transferred. (M)",-,-,,-,who
"Later releases of these specifications may be used, providing that the system is backwards-compatible with the versions listed. (I)",-,-,,-,-
No specific testing procedures need to be used on the Operational radio over and above those given in section 4. (I),-,specific,,-,-
The SETUP and RELEASE COMPLETE user-to-user information element shall be as specified in the [MORANE UUIE]. (M),-,complete,,-,-
"The General purpose radio shall operate as a standard GSM terminal, supplying mobile services as defined in section 4. (M)",-,general*standard,,-,-
The use of the forced de-registration mechanism (without notification) to achieve this requirement is acceptable. (I),-,acceptable,,-,-
The “Subscriber Identity Module” (SIM card) shall be physically integrated with the radio set and shall not be able to be removed except by maintenance staff. (M),-,-,,not,-
The calling driver’s functional number shall be passed to the network using UUS1. (M),-,-,,-,-
"Not all calls require confirmation. The application must be able to deduce that a confirmation is necessary from the call priority, as all calls of ‘Railway emergency’ priority must be confirmed. (M)",-,necessary,,not,-
The specification is divided into the following separate sections: (I),-,separate,,-,-
The mechanism for the generation of the link assurance signal shall be as specified in [MORANE SM FFFIS]. (M),-,signal,,-,-
"Confirmation messages shall be sent to a confirmation centre using a defined short code (see table 9-10), which shall be associated with the GSM network. (M)",-,short,,-,-
"In network boundary areas, the Service Area shall be allocated on a bilateral basis. (M)",-,-,,-,-
The Cab radio should support direct mode communications as defined in section 15. (O),-,-,,-,-
Other interfaces may take the form of additional audio and data inputs and outputs. (I),-,other*additional,,-,-
The following EIRENE features are to be supported for each type of mobile radio:,-,-,,-,-
Table 5A-3 in Appendix 5A shows the effect of putting down the handset or initiating the ‘Call clear’ procedure for the different types of incoming calls. (M),-,clear*different,,-,-
Any equipment mounted inside the train cab shall be capable of withstanding the following maximum levels of sinusoidal vibration: (M),-,capmaximum,,-,-
All direct mode equipment shall provide the facility to broadcast an in-band audio shunting link assurance signal as defined in subsection 14.4.2 of the [EIRENE FRS]. (M),-,direct,,-,-
The architecture comprises a number of interfaces between the different EIRENE-MS elements. These are:,-,different,,-,-
This section identifies the EIRENE applications which may be used in the Operational radio and the functionality to be provided by the Operational radio is detailed. (I),-,-,,-,-
"Signalling within the NSS and between NSSs is carried out according to signalling system number 7, SS7, making specific use of the mobile application part (MAP) of that standard. (I)",-,specific,,-,-
The Cab radio equipment shall be capable of withstanding the following changes to the main and backup power supplies without interrupting normal operation: (M),-,capmain*normal,,-,-
"The specification distinguishes between requirements affecting a railway’s network infrastructure, onto which mobiles will roam, and the requirements concerning mobiles which may be used in any EIRENE compliant network. (I)",-,-,,-,-
The full numbering plan for shunting mode group calls is defined in subsection 9.9. (I),-,full,,-,-
"Whilst automatic network selection is enabled, the MMI shall display an indication. (M)",-,automatic,,-,-
Function Codes identify the actual user of a mobile. (I),-,actual,,-,-
Two possibilities shall be available to the shunting leader when leaving shunting mode: (M),-,available,,-,-
"As a train approaches the limits of the coverage of the PLMN it is registered with, it will be necessary for it to register with the next PLMN providing coverage. (I)",-,necessary,,-,-
The railway specific services to be supported are listed in table 2-4.,-,specific,,-,-
"Location information may be provided by systems external to the radio system, for example ground-based systems such as track circuits. (I)",-,external,,-,-
EIRENE will provide the radio bearer for ERTMS/ETCS. The EURORADIO layers are responsible for ensuring the overall safety of the transmission link between train-borne and trackside ERTMS/ETCS applications. (I),-,responsible*overall,,-,-
Note: All other CT9 numbers are reserved for railway national fixed networks and systems.,-,other*national,,-,-
"The Cab radio shall pass electrical tests as defined in [IEC 571 parts 1, 2 and 3]. (M)",-,electrical,,-,-
"This appendix provides an overview of the numbering plan as defined in this section of the EIRENE SRS, detailing the allocation of numbers within the National and International EIRENE Numbering plan. (I)",-,national*international,,-,-
Direct mode equipment shall be capable of operation in the channels defined in table 15-1. (M),-,direct*capable,,-,-
Section 11 specifies functional and location dependent addressing. Section 12 refers to the possible use of pre-defined text messages (not required for interoperability). (I),-,possible,,not,-
The environmental and physical tolerance of the EIRENE mobile radio units shall be tested at a facility in accordance with [EN 45001]. (M),-,environmental*physical,,-,-
Voice transmission from direct mode equipment shall be possible only when the Push- To-Talk (PTT) button is pressed. (M),-,direct*possible,,-,-
"Upon an appropriate MMI action, the radio shall initiate a call to the appropriate controller with ‘Railway operation’ priority (see section 10.2). (M)",-,appropriate*appropriate,,-,-
Direct mode equipment shall have a maximum transmit power of 1 Watt. (M),-,direct*maximum,,-,-
Compliance to the list of normative documents is mandatory for all of the GSM services necessary to provide the functionality specified in the [EIRENE FRS]. (M),-,necessary,,-,-
Equipment is to be capable of operation in the following frequency bands: (I),-,capable,,-,-
"Where there is more than one active cab, the radio connection shall be provided using the GSM Multi-Party service. (M)",-,-,,-,-
"EIRENE mobile equipment shall be capable of operating between altitudes of -100m and 1800m, referenced to sea level. (M)",-,capable,,-,-
"Where other data interfaces are implemented, they should be of the RS422 standard. (O)",-,other,,-,-
Incoming calls to the Cab radio shall be routed to the correct on-train user or device using information contained in the sub-addressing field. (M),-,correct,,-,-
Abbreviated dialling facilities shall be supported. (M),-,-,,-,-
The Cab radio should be capable of selecting the most appropriate mobile radio network automatically using the selection criteria stated in section 10.5. (O),-,capappropriate,,-,-
All mobiles shall be capable of operation in the following frequency bands: (M),-,capable,,-,-
The EIRENE Functional Requirements Specification [EIRENE FRS] specifies the functional requirements for EIRENE. (I),-,-,,-,-
The implementation of functional numbering at a network level is left open for national railways subject to the requirements for interconnecting EIRENE networks identified in section 11.6. (I),-,open*national,,-,-
"The following supplementary services, identified in section 2, are to be supported for each type of mobile radio:",-,mobile,,-,-
Frequency modulated equipment conforming to [ETS 300 086] shall be used for direct mode. (M),-,direct,,-,-
The Operational radio shall be capable of withstanding exposure to extreme environmental conditions [IEC 721 part 1]. (M),-,capenvironmental,,-,-
"The duration of each tone (see 8.3.2 and 8.3.4) added in the voice channel, shall be 70ms ± 5ms, and there shall be a minimum gap of 65ms between each tone. (M)",-,minimum,,-,-
All equipment shall not degrade photochemically when exposed to solar radiation of up to 1200 W/m2. (M),-,-,,not,-
The sequence described in 11.3.9i steps 1-7 may be interrupted or may require additional user action such as a confirmation. (I),-,additional,,-,-
Deregistration of a functional number shall not be carried out until registration of the functional number has been carried out and confirmed as being successful. (M),-,successful,,not,-
"In the event of GSM-R causing disruption to ongoing direct mode communications, each railway will define a protocol for re-establishing contact by means of GSM-R. (I)",-,direct,,-,-
Table 5A-2 in Appendix 5A shows the effect of replacing the handset or initiating the ‘Call clear’ procedure for the different types of outgoing calls. (M),-,clear*different,,-,-
Priority access shall be provided to initiate the following: (M),-,-,,-,-
All Railway emergency group IDs required for interoperability and appropriate to the operation of the mobile shall maintain active status whilst the mobile is powered up. (M),-,mobile,,-,-
"In addition to a GSM capability, a direct mode capability may be provided for railway mobiles for set-to-set operation. (I)",-,-,,-,-
"The duration of each tone (see 3.8.2 and 3.8.4) added in the voice channel, shall be 70ms ± 5ms, and there shall be a minimum gap of 65ms between each tone. (M)",-,minimum,,-,-
The Cab radio shall be capable of operating within a temperature range of -20°C to +70°C. (M),-,capable,,-,-
The Cab radio shall withstand the effects of power supply transients as defined in [prEN 50155]. (M),-,-,,-,-
"The Cab radio shall be able to receive, display and store incoming short (SMS) text messages (see section 12). (M)",-,short,,-,-
"The Operational radio shall operate as a standard GSM terminal, supplying mobile services as defined in section 4. (M)",-,standard,,-,-
"The GSM-R network shall allow users direct access to public networks, subject to call barring restrictions. (M)",-,-,,-,-
Dialled calls from the MMI shall be point-to-point voice calls unless otherwise entered from the MMI at the time of initiation. (M),-,otherwise,,-,-
Direct mode equipment sensitivity shall be at least –107dBm. (M),-,-,,-,-
"If the requirement in 13.4.4 is implemented, as a minimum the location information shall be provided by the GSM network (eg current cell or base station serving the mobile). (M)",-,minimum*current,,-,-
Further information about shunting mode may be obtained from [MORANE SM FFFIS]. (I),-,-,,-,-
"All design, manufacturing, testing and installation of EIRENE mobile radio equipment shall comply with the quality procedures defined in [ISO 9001]. (M)",-,-,,-,-
"The National EIRENE Number shall consist of three distinct parts, as shown in figure 9-1: (M)",-,national*distinct,,-,-
The user shall be prevented from entering direct mode if the GSM service is available. (M),-,direct,,-,-
"Where text messaging is implemented in the network, the Short Message Service (SMS) shall be used. (M)",-,short,,-,-
The logical architecture of the Operational radio is illustrated in figure 7-1. (I),-,logical,,-,-
The Cab radio shall exit shunting mode by means of the “Leave shunting mode” procedure as defined in table 14-8. (M),-,-,,-,-
The Operational radio user shall be protected against all electrical hazards arising from the mobile equipment as defined in [EN 50153]. (M),-,electrical,,-,-
The EIRENE mobile installation shall be designed to operate in a network meeting the criteria in 3.2.2 and 3.2.3. (M),-,-,,-,-
Every On-Train Function shall be identified by a standard code and shall conform to the list of functions given in Appendix 9A of this section. (M),-,standard,,-,-
No specific mechanical requirements need to be placed upon the General purpose radio over and above those defined in section 4. (I),-,specific*general,,no,-
"If a shunting group ID is activated, the Cab radio shall proceed to re-establish the group call. (M)",-,-,,-,-
Equipment should default to operation on the common access channel (direct mode channel 1) on entry into direct mode. (O),-,common*direct*direct,,-,-
Call setup between EIRENE networks using international functional numbers shall be based on the combination of the Breakout-Code (BC) and International Code (IC) as specified in section 9. (M).,-,international*international,,-,-
"All terminals shall ensure that when GSM-R services are available, the user is prevented from entering direct mode. (M)",-,availdirect,,-,-
No specific testing procedures need to be used on the General purpose radio over and above those given in section 4. (I),-,specific*general,,no,-
"The Function Codes used in association with the Train Function Number (CT=2), Engine Function Number (CT=3) and Coach Function Number (CT=4) shall conform to table 9A-1. (M)",-,-,,-,-
"Within each GSM-R network, the following relationships between the MSISDN Subscriber Number and the National EIRENE Number can be identified:",-,national,,-,-
A standard data interface shall be provided to allow a computer to be connected to the radio. (M),-,standard,,-,-
"If the attempt to establish a Railway emergency call is not successful after 2 seconds, an indication shall be provided to the user of the status of the establishment request procedure. (M)",-,successful,,not,-
Every On-Engine Function shall be identified by a standard code and shall conform to the list of functions given in Appendix 9A of this section. (M),-,standard,,-,-
"In particular, EIRENE equipment could interfere with: (I)",-,particular,,-,-
Operationally caused infrequent and slight moisture condensation shall not lead to any malfunction or failure. (M),-,slight,,not,-
"Mobile access to the functional numbering scheme for registration, deregistration and re-registration shall apply the USSD messages and protocols over the air interface as specified in the GSM Follow-me service. (M)",-,mobile,,-,-
Each railway should have appropriate call-barring facilities to prevent unintended access to the GSM-R network by non-authorised users. (O),-,appropriate,,-,-
"In addition, the network shall support the special short codes as defined in table 9-11. (M)",-,special*short,,-,-
"In the case of Cab radio, details of the confirmation shall be passed to the train borne recorder if a train borne recorder is connected to the Cab radio. (M)",-,-,,-,-
The functionality described in 11.3.9i should also be available for other types of mobiles. (O),-,availother,,-,-
"Access classes should not be used under normal network operating conditions, where the GSM eMLPP may be used to provide a better grade of service to certain users. (O)",-,normal*certain,,-,-
The protocol used for routing of calls shall be Signalling System No 7 (SS7) as defined by the ITU-T. The signalling system suite shall include the Mobile Application Part (MAP). (M).,signaling system,mobile,,no,-
The aerial and any other equipment mounted external to the train shall be capable of withstanding extremes of temperature from -40C to +70C. (M),-,other*capable,,-,-
"The following bearer services, identified in section 2, are to be supported for each type of mobile radio:",-,mobile,,-,-
"Upon switch on, once the radio is connected to a mobile network, it shall be able to receive all calls made using the MSISDN or appropriate group call number. (M)",-,appropriate,,-,-
Further information on cell dependent routing for location dependent addressing may be obtained from [MORANE SSRS] [MORANE LDA FFFS] [MORANE LDA FIS]. (I),-,dependent*dependent,,-,-
GSM-R networks shall recognise International EIRENE Numbers starting with the IC of the GSM-R network in which the calling party is currently operating as National EIRENE Numbers. (M),-,international*national,,-,-
Every Function shall be identified by a standard code and shall conform to the list of functions given in Appendix 9A of this section. (M),-,standard,,-,-
The system shall require manual confirmation prior to the removal of the relationship between Engine Number and MSISDN Number. (M),-,prior,,-,-
"On entering shunting mode, the terminal shall initially select the common shunting group. (M)",-,common,,-,-
Railway networks may implement a short message service centre to be interfaced to the GSM network in order to support railway specific messaging applications. (I),-,short*specific,,-,-
The Operational radio shall conform to IP 54 [IEC 529/EN 60529] as a minimum. (M),-,-,,-,-
The driver and other in-cab equipment shall be protected against all electrical hazards arising from EIRENE mobile equipment as defined in [EN 50153]. (M),-,other*electrical,,-,-
Short dialling codes shall start with the first digit equal to 1 (ie CT=1). (M),-,short*first*equal,,-,-
All EIRENE mobile equipment shall be protected against shock and vibration in compliance with standards defined in [prEN 50125] using tests defined in [prEN 50155]. (M),-,mobile,,-,-
The fields of an International Functional Number shall be defined as follows: (M),-,international,,-,-
The application of this specification will ensure interoperability for trains and staff crossing national or other borders between systems. It also intends to provide manufacturing economies of scale wherever practical. (I),-,national*other*practical,,-,-
"If no shunting group ID is activated, the operational radio shall initiate a “regular shunting mode ON” procedure as detailed in table 14-1. (M)",-,regular,,no,-
Continuous Tone Coded Squelch Systems (CTCSS) shall be implemented on all direct mode equipment. (M),-,direct,,-,-
"Where Railway emergency group call areas are controlled by more than one MSC within one or more network(s), a unique anchor MSC is defined for each group call area. (I)",-,-,,-,-
"For certain functions, standardised short codes shall be implemented for mobile originated calls. (M)",-,certain*short,,-,-
"The General purpose radio should comply with [EN 50081] (generic EMC for residential, commercial and light industry). (O)",-,general*commercial,,-,-
"Upon receipt of the call establishment request, the radio shall retrieve the stored number for the appropriate controller from the SIM or other storage location. (M)",-,appropriate*other,,-,-
The aerial and any other equipment mounted external to the train shall function correctly during rapid temperature fluctuations of up to 3°C/second. (M),-,other,,-,-
The General purpose radio shall comply with the core climatic conditions defined in section 4. (M),-,general,,-,-
Note: the R-GSM band includes the Public GSM (P-GSM) and Extended GSM (E-GSM) bands.,-,public,,-,-
"An entitled controller may terminate a VGCS/VBS call based on DTMF signalling [EN 301 515, Index [4] & [5]]. (I)",-,-,,-,-
"On activation of the “call other drivers on the same train” function, the MMI shall provide additional guidance to the user in the establishment and management of a Multi-Party call. (M)",-,other*same*additional,,-,-
"Guidelines concerning the effects of GSM emissions on hearing aids, pace makers and other sensitive electrical equipment are provided in [GSM 05.90]. (I)",-,other*sensitive*electrical,,-,-
"The GSM bearer services [EN 301 515, Index [23]] to be supported are listed in table 2-2.",-,-,,-,-
The network operator shall implement the required functionality to validate the information exchanged between the mobile and network on registration and deregistration. (M),-,-,,-,-
"Implementation of direct mode is optional. However, where implemented, the following requirements shall be mandatory. (I)",-,direct,,-,-
The network shall terminate the ongoing VGCS/VBS call if it receives the 3-digit sequence “***” transmitted via DTMF signals. (M),-,-,,-,-
"Mobile equipment shall comply with the generic standard for EMC in the industrial environment as defined in [ENV 50081 part 2], except for emissions at GSM frequencies as noted above. (M)",-,-,,-,-
Handheld mobile equipment shall be capable of withstanding the following levels of continuous sinusoidal vibration: (M),-,capable,,-,-
The Cab radio shall support shunting mode communications as defined in section 14. (M),-,-,,-,-
The fixed network user will only receive emergency voice calls if designated a dispatcher or group member in any of the calls defined in the GSM GCR. (I),-,only,,-,-
Achievement of fast call setup times requires information in the setup message to be compressed. A maximum of 12 digits may be sent as mobile originator-to-dispatcher information. (I),-,fast,,-,-
Mobiles shall be capable of operation using algorithms for all countries in which they need to roam. (M),-,capable,,-,-
The logical architecture of an EIRENE mobile station (EIRENE MS) is shown in figure 4-1. The architecture consists of the following elements: (I),-,logical,,-,-
This section identifies the EIRENE applications which may be used in the General purpose radio and the functionality to be provided by the General purpose radio is detailed. (I),-,general*general,,-,-
"Call setup time requirement is dependent upon the eMLPP priority of a call [EN 301 515, Index [27]]. The required priority level for each call type is given in section 10.2. (I)",-,dependent,,-,-
Deregistration shall only be performed by the subscription identified by the MSISDN number which is associated with the functional number. (M),-,only,,-,-
"If no shunting group ID is activated, the Cab radio shall initiate a “regular shunting mode ON” procedure as shown in table 14-7. (M)",-,regular,,no,-
The Coach Function Number(s) and associated MSISDN number(s) shall at any time be stored as an entry in the routing database of the home GSM-R network of the coach. (M),-,-,,-,-
"Every railway network shall consider a number as a National EIRENE Number (NEN) unless the number is preceded by an International Code, identifying another GSM-R network. (M)",-,national*international,,-,-
Note: The Adaptive Multi-Rate (AMR) CODEC is not suitable for voice group calls or for voice broadcast calls. (I),-,suitable,,not,-
It shall be possible for authorised subscribers of fixed and mobile networks to call mobiles using the appropriate MSISDN number. (M),-,possible*appropriate,,-,-
The Operational radio should support direct mode communications as defined in section 15. (O),-,direct,,-,-
All mobiles are to support these services as defined in the relevant GSM specifications. The services will mainly be used to: (I),-,relevant,,-,-
The CTCSS tone shall be at a frequency of 203.5 Hz. (M),-,-,,-,-
The EIRENE numbering plan shall be standardised to allow interoperability and shall be implemented as a private numbering plan within the GSM-R network. (M),-,private,,-,-
The equipment shall be capable of coping with temperature variations of up to +/- 1°C/minute. (M),-,capable,,-,-
"The emission and immunity standards for the general railway environment and ancillary services as defined in [ENV 50121 parts 1, 2, 3-1, 3-2 and 5] shall be considered. (M)",-,general,,-,-
The driver shall be able to initiate a call by dialling any valid telephone number or functional number. (M),-,-,,-,-
Any equipment mounted external to the train cab shall withstand the following maximum levels of sinusoidal vibration: (M),-,maximum,,-,-
A railway GSM network is also likely to have external interfaces to: (I),-,-,,-,-
"The handover success rate should be at least 99.5% over train routes under design load conditions (as given in [EN 301 515, Index [30]]). (O)",-,-,,-,-
EIRENE mobile equipment shall be capable of operating over a standard range of temperatures from -20°C to +55°C. (M),-,capstandard,,-,-
The system comprises the following elements: (I),-,-,,-,-
The sequence of actions for a mobile terminated call to a driver shall be as follows: (M),-,-,,-,-
Each national railway should obtain a public numbering allocation for MSISDN numbers from the relevant regulatory bodies. (O),-,national*public*relevant,,-,-
"Section 2 lists the services and facilities which are to be supported by GSM-R networks. Section 3 provides requirements and recommendations concerning the configuration, planning and implementation of networks. (I)",-,-,,-,-
Automatic self-testing of the radio shall use the GSM IMSI attach procedure. (M),-,automatic,,-,-
The following minimum values are recommended: (I),-,minimum,,-,-
"If automatic network selection is implemented, the driver shall be capable of deactivating and/or re-activating this function using simple MMI actions. (M)",simple,automatic*capsimple,,-,-
Access to other GSM-R networks shall be possible by using a Breakout Code (BC) as part of the dialled number. (M),-,other*possible,,-,-
"Where necessary, a Train Interface Unit may be implemented to adapt on-train systems to the standard interfaces provided by the Cab radio. (I)",-,necessary*standard,,-,-
This section describes the handling of high priority voice calls for Railway operational emergencies and does not cover public emergency calls (ie handling of ‘112’ calls). (I),-,high*public,,not,-
It shall be possible to limit user access to functional number registration and deregistration facilities based on each of the types of functional number identified in 11.3.5. (M),-,possible,,-,-
Environmental testing procedures shall follow guidelines defined in [IEC 68 part 1]. (M),-,environmental,,-,-
Each national railway is responsible for implementing a suitable recovery mechanism and ensuring that the use of unverified functional numbers is prevented. (I),-,national*responsible*suitable,,-,-
It shall be possible to initiate outgoing voice calls in one of four ways depending on the intended recipient(s) of the call: (M),-,possible,,-,-
"In normal operation of a mobile radio unit, it shall be expected that a combination of the above environmental conditions will be experienced. (M)",-,normal*environmental,,-,-
This procedure shall take place at the installation of the Cab radio. It shall be initiated by an external device or by a member of a maintenance team. (M),-,-,,-,-
"The user-to-user information elements in the following messages, as defined in [EN 301 515, Index [16]], shall be used for the confirmation of high priority calls: (M)",-,high,,-,-
"Direct mode shall operate in simplex mode, a radio link that uses a single frequency for alternate transmission and reception. (M)",-,-,,-,-
"The shunting group may comprise a shunting leader, a shunting driver, a controller and up to three additional personnel (the shunting members). (I)",-,additional,,-,-
"Unless otherwise indicated at time of entry, calls from the stored numbers list shall be initiated as voice calls. (M)",-,otherwise,,-,-
Railway Emergency call confirmation messages shall be of eMLPP priority 4 - “Railway information and all other calls” (see section 10.2). (M),-,other,,-,-
"Muting and unmuting shall be in line with [EN 301 515, Index [4]]. (M)",-,-,,-,-
"Access to private networks shall be performed by using a BC, defined in table 9-12c. (M)",-,-,,-,-
Confirmation centres shall be capable of decoding messages in either format A or B. (M),-,capable,,-,-
Direct mode channel 1 (876.0125 MHz) shall serve as the common access channel. (M),-,common,,-,-
The structure of the MSISDN numbers shall comply with GSM Technical Specification [GSM 03.03]. (M),-,-,,-,-
Interconnection of EIRENE networks is required to allow international call routing. It is not envisaged that any routing database information is exchanged between EIRENE networks. (I),-,-,,not,-
"All EIRENE mobile equipment shall conform to [EN 60950] (Safety of Information Technology Equipment), including Electrical Business Equipment, 1993, plus amendments A1 and A2. (M)",-,-,,-,-
The common shunting group provides a point of contact for leaders and team members to set up a dedicated shunting group call for their shunting operation. (I),-,common,,-,-
Call setup times as defined in the EIRENE FRS shall be achieved with authentication and ciphering procedures enabled. (M),-,-,,-,-
Each railway should define a suitable time-out interval to be applied as part of the deregistration procedure for on-train functional numbers. (O),-,suitable,,-,-
Railway mobiles shall be provided with cell broadcast message identifiers in order to accept SMS-CB messages. (M),-,-,,-,-
There are no development assumptions or dependencies.,-,-,,no,-
There are no special software interface requirements,-,special,,no,-
There are no special communication interface requirements,-,special,,no,-
This section provides more detailed information about each web page.,-,-,,-,-
"A list of articles outside the Get Real site including “50 best jobs in America, Dream Jobs 2007, etc.",-,real,,-,-
A listing of the computer science offerings from Oregon university System campuses and other Oregon colleges. >Need to determine extent of community and private colleges in Oregon,-,other*private,,-,-
"A list of focused questions and answers with links inside the Get Real site. topics include: money, people, and colleges.",-,real,,-,-
There are no special hardware interface requirements,-,special,,no,-
"The Get Real site should work and be tested against IE, Firefox and Netscape.",-,real,,-,-
Offers answers to the questions: “how can I contribute to society and how much money can I make with a computer science degree?”,-,much,,-,-
There are no user documents.,-,-,,no,-
Explore a wide range of pre-college technology programs and courses for high school students.,-,wide*high,,-,-
Copyright and other security measures for Get Real should be the same as the OUS site.,-,other*real*same,,-,-
The user shall be able to save data after creating/adding a new user or cancel data to abort the process.,-,able,,-,-
The Development Team shall develop and then send out release notes via e-mail to all Project Team after each [SYSTEM NAME] build deployed to the Staging environment.,-,then,,-,-
The system shall provide a Glossary for industry-related terms associated with [company name] and the [system name] system to the users through the online help tool.,-,-,,-,-
"The system shall display the [company name] logo in the top, right side of the screen on each of the help pages.",-,right,,-,-
The Project Team shall schedule updates to the production environment only on Tuesdays between 7pm and 7am. (Example),-,only,,-,-
The Technical Lead shall perform code reviews of every system change before those changes may be committed to source control.,-,technical,,-,-
The Development Team shall perform scheduled [SYSTEM NAME] builds using code checked out of source control using the label as defined and specified.,-,-,,-,-
The Development Team shall be required to adjust existing source code to follow accepted coding standards only if that source code must be modified.,-,only,,-,-
The system shall log an error message to the external data file when the user is directed to the [SYSTEM NAME] error page.,-,external,,-,-
The system must exhibit each of the help pages using the same color scheme and background as specified.,-,same,,-,-
The Technical Owner/Lead shall provide signoff before any [SYSTEM NAME] build can be deployed to the production environment.,-,technical,,-,-
The system shall provide searching ability to the users to quickly find specific topic material through the online help tool.,-,specific,,-,-
"The system shall log errors, warnings, and informational messages to an external log file on the application server.",-,external,,-,-
The Project Team must permit reasonable adjustment to the user interfaces of new functionality by project stakeholders when project schedule permits those adjustments.,-,reasonable,,-,-
The User shall be able to view the hyperlinks and descriptions listed.,-,-,,-,-
The system shall display an error message if the new user is not active in the Active Directory.,-,-,,not,-
The Development Team shall utilize established open source frameworks instead of proprietary custom components wherever appropriate.,-,-,,-,-
The system shall clear up data if the user chooses to click the Cancel button in the midst of creating/adding a new user.,-,-,,-,-
The system shall follow HIPAA compliance capabilities in new functionality introduced to the system.,-,-,,-,-
All required fields as specified in the UIS must be marked with a red asterisk alerting the user to fill the required fields in.,-,-,,-,-
The Project Team must perform applicable and appropriate testing against new functionality prior to releasing that functionality/build to the production environment.,-,appropriate*prior,,-,-
The system shall generate a standard confirmation message after saving data and warning/caution messages after the cancel or close button is clicked.,-,standard,,-,-
If projected the data must be readable. On a 10x10 projection screen 90% of viewers must be able to read Event / Activity data from a viewing distance of 30,-,-,-,-,-
The product shall ensure that it can only be accessed by authorized users. The product will be able to distinguish between authorized and unauthorized users in all access attempts,-,-,-,-,that
The product shall be intuitive and self-explanatory.,self-explanatory,-,-,-,-
The product shall respond fast to keep up-to-date data in the display.,fast,-,-,-,-
The system shall display the Events in a graph by time.,-,-,-,-,-
All actions that modify an existing dispute case must be recorded in the case history.,-,-,-,-,-
The Disputes System must prevent users from accessing any dispute cases that do not belong to their cardholder base.,-,-,-,prevent,-
The Disputes System will facilitate direct data entry of a dispute case via a user interface that supports real time responses to the users.,-,-,-,-,that
The Disputes System must provide the user the ability to initiate a single dispute case on multiple transactions that belong to a single merchant.,-,-,-,-,that
The Disputes System must prevent external users from requesting original receipts. Requests for original receipts are restricted to internal users.,-,-,-,-,-
The Disputes System shall prevent the creation of duplicate dispute requests 100% of the time.,-,-,-,-,-
The Disputes System must provide the ability to view existing dispute cases.,-,-,-,-,-
The Disputes System shall provide the users the ability to view the history of all activities that have occurred on the dispute case.,-,-,-,-,that
The product must support Internet Explorer 5.5 and above.,-,-,-,-,-
The product shall comply with corporate User Interface Guidelines,-,-,-,-,-
The appearance of the product shall appear professional,professional,-,-,-,-
The software product is expected to run on Windows or Linux platforms.,-,-,-,-,-
The product shall be easy to use by Adjusters and Collision Estimators. 95% of Adjusters and Collision Estimators shall find the product easy to use.,easy to use,-,-,-,-
The product shall increase productivity of Collision Estimators. 80% of the Collision Estimators shall agree their productivity has increase within 1 month of using the product.,-,-,-,-,-
Users shall feel satisfied using the product. 85% of all users will be satisfied with the product.,satisfied,-,-,-,-
The product shall be easy to learn by Adjusters and Collision Estimators. The product shall be learned with two days onsite training,easy to learn,-,-,-,-
The user shall easily locate instructions while using the product. User help can be found within 90% of the system.,-,-,-,-,easily
The preferred repair facility ratings shall be saved within 5 seconds. The save shall occur within 5 seconds.,-,-,-,-,-
The product shall achieve a 98% uptime. The product shall not fail more than 2% of the available online time.,-,-,-,not,-
Only adjusters can request recycled parts audit reports. No users without an adjuster role shall request recycled parts audits.,-,-,-,-,-
Only adjusters with a supervisor role can update preferred repair facility ratings. Users without the supervisor role cannot access the repair facility ratings.,-,-,-,cannot,-
Only collision estimators shall search for recycled parts. Users without the collision estimator role shall not have access to the search for recycled parts.,-,-,-,not,-
Only valid data shall be entered into the system. No invalid data shall be entered into the system.,-,-,-,-,-
One insurance company shall not be able to view another insurance companys claim data.,-,-,-,not,-
The system shall prevent malicious attacks including denial of service.,malicious attacks,-,-,-,-
The product must comply with Sarbanes-Oxley.,-,-,-,-,-
The user shall search for the preferred repair facility using vehicle vehicle location and radius in miles,-,-,-,-,-
The vehicle data shall include vehicle year make and model,-,-,-,-,-
The vehicle location shall include street address city state and zipcode,-,-,-,-,-
The system shall resolve the zipcode for the street address city and state if zipcode is unknown.,-,-,-,-,-
The estimator shall search for available recycled parts using a list of preferred parts suppliers.,-,-,-,-,-
The estimator shall search by zipcode with a radius of 30 miles if no parts are found for the preferred parts suppliers,-,-,-,-,-
The estimator shall apply selected recycled parts to the collision estimate.,-,-,-,-,-
The estimator shall not apply recycled parts to the collision estimate if no available parts are returned.,-,-,-,not,-
The adjuster shall request a recycled parts audit of the collision estimate.,-,-,-,-,-
The recycled parts search results provided to the estimator shall be retrieved by the system.,-,-,-,-,-
The audit report shall include the number of available recycled parts from the original search results.,original search,-,-,-,-
The audit report shall include the total score of the audit which sums the indivual line items.,-,-,-,-,which
The audit report shall be available to other adjusters at later points in time.,-,later,-,-,-
The current repair facility ratings shall be displayed to the user.,-,-,-,-,-
The system will display a blank set of ratings if there are not ratings yet defined.,-,-,-,-,-
The ratings shall include categories for attempted use of recycled parts and actual use of recycled parts,-,-,-,-,-
The product must make use of web/application server technology. Open source examples include Apache web server Tomcat and the JBoss application server.,-,-,-,-,-
The product shall have a conservative and professional appearance.,professional appearance,-,-,-,-
The product shall be easy to use. 90% of users will be able to successfully reserve a conference room within 5 minutes of product use.,easy to use,-,-,-,-
The product shall give users feedback when necessary. 80% of the users surveyed report that the product accurately confirms their actions.,-,accurately,-,-,-
The product shall use a standard navigation menu familiar to most web users.,familiar,-,-,-,-
The product shall conform to the Americans with Disabilities Act.,-,-,-,-,-
The response shall be fast enough to avoid interrupting the user�s flow of thought. 90% of tasks shall complete within 5 seconds. 98% of tasks shall complete within 8 seconds.,-,-,-,-,-
The product shall create an exception log of problems encountered within the product for transmission to our company for analysis and resolution.,-,-,-,-,-
The product must be able to interface with various email servers. The product shall be able to send email.,-,various,-,-,-
The product is expected to integrate with multiple database management systems. The product will operate with Oracle SQL Server DB2 MySQL HSQL and MS Access.,-,-,-,-,-
The product shall be able to be installed in any operating environment within 2 days.,-,-,-,-,-
The product must be developed with the J2SE/J2EE programming language libraries,-,-,-,-,-
The product shall assign the organizers contact information to each meeting they create.,-,-,-,-,-
The product will record meeting acknowledgements.,-,-,-,-,-
The product shall update existing conference rooms.,-,-,-,-,-
The product will be able to delete conference rooms.,-,-,-,-,-
The product shall allow an organizer to invite other employees to meetings.,-,-,-,-,-
The product shall record the transportation status of equipment reserved.,-,-,-,-,-
The product shall display a map of the company building showing conference room locations.,-,-,-,-,-
The product shall record updated meeting agendas.,-,-,-,-,-
The product shall display room equipment according to search parameters.,-,-,-,-,-
The product shall record different meeting types.,-,different,-,-,-
The product will allow priviledged users to view meeting schedules in multiple reporting views.,-,-,-,-,-
The product shall be able to send meeting notifications via different kinds of end-user specified methods.,-,specified,-,-,-
The product shall have a customizable Look and Feel.,-,-,-,-,-
The System shall utilize currently owned computer equipment.,-,-,-,-,-
The System shall meet all applicable accounting standards. The final version of the System must successfully pass independent audit performed by a certified auditor.,-,-,-,-,-
The System shall allow generation of Inventory Quantity Adjustment documents on demand.,-,-,-,-,-
Product formula ingredients shall allow defining substitutionary ingredients.,-,-,-,-,-
PME Subsystem shall allow keeping submenus within menus and products within submenus in a managed and persisted order.,-,-,-,-,-
PME Subsystem shall allow for a product to exist in more than one submenu,-,-,-,-,-
Administrator shall be able to activate a pre-paid card via the Administration section in under 5 seconds.,-,-,-,-,-
System shall let customers register on the website as a �unlimited movie subscriber� user in under 10 minutes.,-,-,-,-,-
The website shall be attractive to all audiences. The website shall appear to be fun and the colors should be bright and vibrant.,attractive,-,-,-,-
The website design should be modern clean and concise.,modern*clean,-,-,-,-
Users should be able to access their streaming movies in under 2 clicks after logging into the website.,-,-,-,-,-
While streaming a movie buffering should only occur if there is latency in the user�s connection.,-,-,-,-,-
All credit card information will be secured on the server and only accessible by authorized Izogn administrators. Information will be encrypted in the database.,-,-,-,-,-
The website shall be available for use 24 hours per day 365 days per year.,-,-,-,-,-
The website shall continue to operate if the payment gateway goes down.,-,-,-,-,-
The product shall be expected to operate within the maximum maintenance budget for a minimum of 2 years.,maximum,-,-,-,-
Movies shall be encoded and streamed via Windows Media Player 9.0.,-,-,-,-,-
Only administrators can activate a pre-paid card.,-,-,-,-,-
The website shall protect itself from intentional abuse and notify the administrator at all occurrences.,-,-,-,-,-
The system shall reveal private information only in compliance with the organization�s information policy.,-,-,-,-,-
The website shall not be offensive to religious or ethnic groups.,-,-,-,-,-
The website should appeal to all Africans not only Nigerians.,-,-,-,-,-
The website should use Flash to provide animation on the home page.,-,-,-,-,-
IzognMovies shall meet the licensing requirements set forth by the appropriate organizations in order to stream African movies.,appropriate,-,-,-,-
The PHP code will comply with PEAR standards.,-,-,-,-,-
The website will allow customers to search for movies by title actor or director.,-,-,-,-,-
viewing a movie details the website will display the movies description actor and director entered in by the administrator.,-,-,-,-,-
Website shall allow customers to browse movies by categories entered in by izogn administrator.,-,-,-,-,-
Website shall allow the Izogn administrator to approve a review posted by a customer.,-,-,-,-,-
System will allow customers to pay for a streaming movie with a pre-paid card.,-,-,-,-,-
Movies can only be streamed if the customer has purchased a movie and is within the 2-day time period to stream the movie.,-,-,-,-,-
Website must be able to support free trial periods with various parameters set by the Izogn Manager.,-,period*various,-,-,-
Daily usage statistics should be logged and accessible by the administrator.,-,-,-,-,-
The process must fit within the processing time conditions set forth by the Auto Rep Assignment process in which a lead is assigned within 3 minutes of the total life cycle.,-,-,-,-,-
The vendor will verify the invalid lead.,-,-,-,-,-
If the leads score falls within the high average score then it will be process by the ARA functionality.,-,high,-,-,-
If the leads score falls within the medium average then it will be set for manual verification by an Enrollment Coordinator through the eleads system.,-,medium,-,-,-
If the leads score falls within the low average then it will be returned to the supplying vendor,-,low,-,-,-
The leads washing functionality will use the parameters supplied by corporate and schools to score part of the lead.,-,-,-,-,-
When the offensive player takes a shot the product shall simulate the sound of a ship at sea.,-,-,-,-,-
When a ship is sunk the product shall simulate the sound of a sinking ship.,-,-,-,-,-
The product shall able to handle a large number of games simultaneously.,-,large,-,-,-
The product shall be intuitive and self-explanatory. Nine out ten users shall be able to successfully complete a game with no training.,self-explanatory,-,-,-,-
The product shall be available to players who understand English Spanish and French. The product shall allow the user to select the language upon accessing the product.,-,-,-,-,-
The product shall provide players no access to information that might reveal the identity of another player,-,-,-,-,-
Once a game has been initiated the product shall make the players assigned to the game unavailable for selection from the list of players.,-,-,-,-,-
The product shall remove players who have been inactive for 24 hours from the list of players.,-,-,-,-,-
Once a game is initiated the product shall allow each player to position their 5 ships on their respective defensive grids.,-,-,-,-,-
The product shall allow a player to position ships horizontally on their grid.,-,-,-,-,-
The product shall allow the player to position ships diagonally on their grid,-,-,-,-,-
The product shall prevent the player from overlapping ships on their grid.,-,-,-,-,-
When both players have positioned their 5 ships on their defensive grids the product shall define the status of each player for the first turn.,-,-,-,-,-
For each turn the product shall identify one player as offensive status and one player as defensive status.,-,-,-,-,-
For each turn the product shall allow the offensive player to define a shot.,-,-,-,-,-
For each shot the product shall mark the shot as a hit or miss on the defensive grid of the defensive player.,-,-,-,-,-
When the hit results in sinking a ship the product shall notify the players that the ship was sunk.,-,-,-,-,-
If the shot was marked as a hit the product shall allow the offensive player to define a shot.,-,-,-,-,-
If the shot was marked as a miss the product shall change the status of the offensive player to defensive,-,-,-,-,-
When a game is ended the product shall notify the players that the game is ended.,-,-,-,-,-
When a game is ended the product shall allow each player to remove himself or herself from the list of players.,-,-,-,-,-
The system shall be easy to use by callers and supervisors. Callers and supervisors must be able to accomplish any system task within 2 minutes.,easy,-,-,-,-
The system shall be easy to learn by callers and supervisors. Callers and supervisors shall learn how to use the system within 10 minutes.,easy,-,-,-,-
On a 112k connection or faster the system response time for all operations must be no more than 3 seconds 90% of the time.,-,-,-,-,-
The system must be available for use between 7,-,-,-,-,-
The product shall be internet browser independent.The product must run using Internet Explorer and Netscape Navigator.,-,-,-,-,-
The product shall ensure that only supervisors can advertise empty time slots.The product must ensure that supervisors are allowed to access advertise empty time slots.,-,-,-,-,-
The product shall ensure that only supervisors can view schedule of all callers.The product must ensure that supervisors are allowed to access advertise empty time slots.,-,-,-,-,-
The interface shall have a simple look. In the interface and usability survey 90% of beta testers must report that the interface is adequately simple.,-,-,-,-,-
The interface shall be appealing to callers and supervisors. In the interface and usability survey 80% of beta testers must report that the interface is appealing.,appealing,-,-,-,-
The product shall provide GUI based Monitoring Services.System Administrators shall monitor message exchanges will predict and determine problems and will also provide internal and external support.,-,-,-,-,-
The product shall provide Error Tracking Services.The product shall help the System Administrators and DBAs to resolve transaction errors 99% of the time.,-,-,-,-,-
The product shall provide Asynchronous Messaging.The product shall provide asynchronous messaging to enable parallel processing and reduce the overhead in communications,-,-,-,-,-
The product shall be robust with fault tolerance.The product shall have fault tolerance by using recovery technique compensatory transaction and routing around failures.,-,-,-,-,-
The product shall be platform independent.The product shall enable access to any type of development environment and platform.,-,-,-,-,-
The product shall interface CSR and Datastream.The product shall exchange messages between CSR and EAM on a real time basis without any direct interfaces between two systems.,-,-,-,-,-
The product shall have security.The product shall provide authentication and authorization.,-,-,-,-,-
The system shall be displayable on any work computer a CCR user may have. The system interface shall be formatted to display at 800 by 600 pixel resolution.,-,-,-,-,-
Rreports must be easy to generate. eports must be generated within one button click and exported within one button click (after selecting the report),easy,-,-,-,-
The WCS system shall use appropriate nomenclature and terminology as defined by the Corporate Community Grants organization. All interfaces and reports will undergo usability tests by CCR users.,-,-,-,-,-
All changes updates and additions to the WCS system shall be updated in the WCS Developer and WCS User Guides. Every change must be reflected in WCS system documentation,-,-,-,-,-
The system shall only be accessed by authorized Corporate Community Grants (CCR) employees. Users must be authenticated using their IBM intranet user name and password.,-,-,-,-,-
The Commissioner will be the only authorized user per league to adjust league settings.,-,-,-,-,-
The application shall have a downtime of at most 10 minutes per year.,-,-,-,-,-
The maximum wait time for a user navigating from one screen to another within the Disputes application shall be no more than 5 seconds.,-,-,-,-,-
The Disputes application shall be available 24x7x365 with the exception of the following scheduled maintenance windows. Monday � Saturday 3,-,-,-,-,-
The system shall achieve 95% up time.,-,-,-,-,-
The system shall have a professional appearance,professional appearance,-,-,-,-
The product shall have a consistent color scheme and fonts.,-,-,-,-,-
The system shall be used by realtors with no training.,-,-,-,-,-
The system shall be intuitive and self explanatory.,intuitive*self explanatory,-,-,-,-
The product shall be easy for a realtor to learn.,-,easy,-,-,-
The product shall produce search results in an acceptable time,-,-,-,-,-
The CMA report shall be returned no later 60 seconds after the user has entered the CMA report criteria.,-,-,-,-,-
The product shall be available for use 24 hours per day 365 days per year,-,-,-,-,-
Out of 1000 accesses to the system the system is available 999 times.,-,-,-,-,-
The product shall operate in offline mode whenever internet connection is unavailable.,-,-,-,-,-
The product shall be installed by an untrained realtor without recourse to separately-printed instructions.,-,-,-,-,-
90% of untrained realtors shall be able to install the product on their device without printed instructions,-,-,-,-,-
The product is expected to run on Windows CE and Palm operating systems.,-,-,-,-,-
The product shall prevent its data from incorrect data being introduced.,-,-,-,-,-
The system shall be expected to manage the nursing program curriculum and class/clinical scheduling for a minimum of 5 years.,-,-,-,-,-
The system shall able to operate within a business office environment typical of the Nursing Department at DePaul University.,-,-,-,-,-
A secondary database will be used to store historical statistics and data.,-,-,-,-,-
The system shall be able to call the seller or buyer to schedule an appointment,-,-,-,-,-
The system shall be easy to use by the Program Administrators/Nursing Staff Members.,easy,-,-,-,-
All of the users shall be able to use the system after one day of training.,-,-,-,-,-
The system shall use symbols and words that are naturally understandable by the user community.,understandable,-,-,-,-
Staff members shall be able to complete a set of tasks in a timely manner.,-,timely manner,-,-,-
The response time of general student management tasks shall take no longer than 5 seconds and the response time of schedule generation shall take no longer than 30 seconds.,-,-,-,-,-
The system shall interface with the faculty central server.,-,-,-,-,-
We must be able to interface with any HTML browser.,-,-,-,-,-
Only authorized users shall have access to students� personal information.,-,-,-,-,-
Dr Susan Poslusny and Dr Julie Donalek are the only people who shall have access to students� personal information.,-,-,-,-,-
The system shall be built such that it is as secure as possible from malicious interference.,-,-,-,-,-
Program Administrators and Nursing Staff Members shall be able to add a single student to a cohort,-,-,-,-,-
Students added to a cohort shall be eligible for the cohort�s Program of Study.,-,-,-,-,-
The system shall allow modification of the display.,-,-,-,-,-
The system shall provide charts for the Activity or Event actual versus assumed time.,-,-,-,-,-
98% of the user workstations shall meet the minimum hardware requirements prior to implementation. Minimum Hard Disk Space,-,minimum,-,-,-
98% of the user workstations shall meet the minimum software requirements prior to implementation,-,minimum,-,-,-
The system will use the stored e-mail addresses as a primary means of communicating information to affected parties.,-,-,-,-,-
The system will notify affected parties when changes occur affecting classes including but not limited to class cancellations class section detail changes and changes to class offerings for a given quarter.,-,-,-,-,-
The System must at a minimum be able to provide reports for actions on cases organised: By case;By user;In chronological sequence.,-,minimum,-,-,-
"The System must allow persistent defaults for data entry where desirable. These defaults should include: user-definable values;values same as previous item;values derived from context, e.g. date, file reference, user identifier;",-,-,-,-,-
The ceiling speed value for the unfitted operation is determined by the lower value out of Maximum train speed National value for unfitted operation,-,-,-,-,-
It shall be possible to send information regarding the inhibition of the following different types of brake: Regenerative brake Eddy current brake Magnetic shoe brake,-,-,-,-,-
3.3.2 Deleted.,-,-,-,-,-
5.2.2iii Replacing the handset either: (M) cancels the call; or transfers the call to the loudspeaker at the initial volume.,-,-,-,-,-
"5.2.3.11 When switched off, the following functions (if available) shall still be provided: (M) public address; call Chief Conductor; intercom. Select language",-,-,-,-,-
5.2.3.22 Deleted. Manual network selection,-,-,-,-,-
5.4.12 Deleted.,-,-,-,-,-
5.6.1 Deleted.,-,-,-,-,-
5.7.3 The DSD alarm call/message shall provide the following information: train number; (M) engine number; (M) location information. (O),-,-,-,-,-
6.4.1.1 The General purpose radio should comprise the man-machine interface which includes the following components: (O) display; control panel; loudspeaker; microphone.,-,-,-,-,-
7.2.3.6 The user shall be able to select his preferred language for the display; this setting shall be retained by the radio. (M),-,-,-,-,-
"7.2.3.9 When the mobile changes network automatically, a visual and audible indication shall be given. (M)",-,-,-,-,-
7.2.3.13 It shall be possible for the user to store and/or overwrite numbers and their details in the radio. (M) Computer interface,-,-,-,-,-
7.2.3.14 A standard data interface should be provided to allow a computer to be connected to the radio. (O),-,-,-,-,-
7.3.3 The Operational radio shall be of a rugged design suitable for use in the railway environment by operational railway personnel. (M),rugged,-,-,-,-
7.3.5 Controls shall be designed such that they are suitable for use by people wearing gloves. (M),-,-,-,-,-
7.3.7 It should be possible for a user to change the battery without the use of tools. (O),-,-,-,-,-
7.3.8 The weight of the Operational radio including battery should not exceed 800g. (O) Electrical,-,-,-,-,-
7.4.1.1 The Operational radio MMI shall comprise the following components: (O) display; control panel; loudspeaker; microphone.,-,-,-,-,-
"7.4.3.3 If shunting mode is implemented, the link assurance button shall be designed to avoid accidental use. (M)",-,-,-,-,-
7.4.4.1 A visual and audible alarm shall be given when the remaining capacity of the battery is such as to enable only 10 minutes of full duplex call time. (M),-,-,-,-,-
8.1.4 Details concerning controller equipment requirements for Railway emergency calls are given in section 13. (I),-,-,-,-,-
"8.3.2 At the detailed level, different controllers may have specific addressing needs, eg catering controllers will need to call specific vehicles in a train. (I)",specific,-,-,-,-
8.4.1 The communications architecture will be dictated by local circumstances. The definition of this interface is beyond the scope of EIRENE. (I),-,-,-,-,-
9.2.1.2 Each mobile shall be identified by a unique telephone number. (M),-,-,-,-,-
9.2.3.1 The use of engine/coach numbers to address trains shall not result in any ambiguities. (I),-,-,-,-,-
9.2.3.2 Every on-engine/coach function shall be identified by a unique standard number. (M),-,-,-,-,-
9.2.4.3 Every controller number shall be based on an association of: (M) controller location; controller identifier.,-,-,-,-,-
"9.3.1 Telephone numbers can be defined on a national basis, but codes for certain functions shall be used on an international basis in order to allow interoperability. (M)",certain functions ,-,-,-,-
"9.4.1 To provide interoperability between the fixed railway networks within the EIRENE network, standardisation of UIC group numbering will be required. (I)",-,-,-,-,-
"10.1.2 For the purposes of defining common subscription profiles, a number of subscription types might be used, for example: (I) Cab radio; on-train radio; controller; trackside worker; general staff; data services; administration/management.",-,-,-,-,-
10.3.2 Any implementation of such call restrictions shall not affect international interoperability. (M),-,-,-,-,-
10.4.3 Deactivating a group on the mobile shall prevent a user receiving calls from that group. (M),-,-,-,-,-
"10.4.4 In order to provide interoperability, Cab radios will be members of a number of standard groups: Railway emergency call; (M) all train drivers; (M) shunting team; (M) trackside worker. (O)",-,-,-,-,-
"10.5.2 Where EIRENE facilities are not available within the currently selected network, the user shall be given a visible indication. (M)",-,-,-,-,-
"10.6.3 If required, a railway may make additional restrictions to the access matrix. (O)",-,-,-,-,-
11.2.1.6 Deleted.,-,-,-,-,-
11.2.1.8 The functional number shall remain valid as a user roams from one network to another. (M),-,-,-,-,-
"11.2.3.2 For broadcast and group voice communications, the functional identity provided shall be that of the broadcast or group identity. (M)",-,-,-,-,-
11.3.1 Three procedures can be identified for managing the relationship between the functional number and the telephone number by the mobile user as defined below. (I),-,-,-,-,-
11.3.2.2 The functional number registration facility shall be supported by all EIRENE user equipment. (M),-,-,-,-,-
11.3.2.3 It shall be possible to register up to ten functional numbers to items of equipment physically connected to the Cab radio within 30 seconds. (M),-,-,-,-,-
11.3.2.5 Duplicate functional numbers (eg two trains with the same train number) shall be prevented. (M),-,-,-,-,-
"11.3.4.1 To allow roaming between EIRENE networks, the system shall support a procedure for the re-registration of functional numbers after selection of a new network. (M)",-,-,-,-,-
11.4.1 Location dependent addressing shall be provided to route calls for a given function to a destination number that is dependent upon the users location. (M),-,-,-,-,-
11.4.5 The location dependent addressing scheme shall be available to all mobiles. (M),-,-,-,-,-
"11.4.6 As a minimum, the location information used by the EIRENE system shall be derived from that available from the network itself (eg current cell or base station serving the mobile). (M)",-,minimum,-,-,-
12.2.1 It should be possible to transfer text messages between ground and mobile(s) through the EIRENE system. (O),-,-,-,-,-
"12.2.2 In order to ensure interoperability, the service is optional for the ground and mandatory for the Cab radio. (M)",-,-,-,-,-
12.3.2 The transfer time for each message segment should be less then 30 seconds for 95% of messages. (O),-,-,-,-,-
12.4.1 A standard data interface between the mobile and the application module shall be provided. (M),-,-,-,-,-
"13.1.4 The type of call initiated shall be determined automatically, based upon the mode of operation of the radio. (M)",-,-,-,-,-
13.1.6i The appropriate ERTMS/ETCS RBC should be informed when a Train emergency call is initiated. (O) Shunting emergency call,-,-,-,-,-
13.1.7 The Shunting emergency call shall be sent to all users involved in shunting operations in the shunting area. (M),-,-,-,-,-
13.2.2.1 A Railway emergency call shall be able to be initiated by using a simple MMI action (eg a single MMI action for the Cab and Operational radios). (M),-,-,-,-,-
13.2.2.4 An audible indication of 5 seconds (to be confirmed by trials) shall be provided to originating and receiving users that the emergency function has been activated. (M),-,-,-,-,-
13.2.2.6 A continuous visual indication that the emergency function has been activated shall be provided at the originating and all receiving terminals. (M),-,-,-,-,-
13.2.3.1i Speech should be possible to allow a controller receiving the warning tone to give information. (O),-,-,-,-,-
13.2.4.1 A Railway emergency call may only be terminated by: (M) the originator of the call; a controller participating in the call; the network following a (nationally determined) period of no speech.,-,-,-,-,-
14.2.4 It shall be possible for all mobile members of the shunting group (except the driver) to transmit a link assurance signal. (M),-,-,-,-,-
14.2.7 The link assurance signal should be used to reassure the driver of the integrity of the member at the head of the shunting movement. (O),-,-,-,-,-
"14.2.14 If a user, other than the shunting leader, attempts to make another call whilst being an active member of a shunting group, the attempt shall be ignored. (M)",-,-,-,-,-
"14.4.2 The link assurance signal shall consist of an intermittent audio tone (between 800 and 850Hz). The tone shall be of one second duration, followed by an interval of two seconds. (M)",-,-,-,-,-
"14.4.3 In order to fulfil the requirements of some railways, it should be possible to provide an alternative means of link assurance indication. (O)",-,some ,-,-,-
14.4.5 The link assurance signal shall be deactivated upon receipt of a shunting emergency call. (M),-,-,-,-,-
The system shall adhere to the following hardware requirements: 4GB Flash ram chip 128MB SDRAM Intel XScale PXA270 520-MHz chipset OS: Apache web server Database: MySQL,-,-,-,-,-
"The system shall determine what of its functionality available to the authenticated
user3 according to the user role and permissions and grant or deny access
correspondingly.",-,-,-,-,-
"The system shall store the list of all user profiles in the permanent storage. The
system shall be able to store as much user profiles as the number of users.",-,much*,-,-,all*much*
The user must be able to change his or her profile and save the changes,-,-,-,-,-
"The system shall provide the authorized user with permission “view project
portfolio list” the ability to view and browse the list of the all project portfolios
available in the system.",-,-,-,-,all*
"The system shall perform the all operations on project list and projects in the
context of the “current” project portfolio defined in R1.04.06",-,-,-,-,all*
"The system shall provide the authorized user with permission “view project list”
the ability to view and browse the list of all projects of the current project portfolio",-,-,-,-,all*
"The system shall perform the all operations on tasks in the context of the “current”
project defined in R1.04.13",-,-,-,-,all*
"The system shall provide the authorized user with permission “create report” the
ability to create a various reports on the project7",-,-,-,-,-
Subtask has the same properties as a task.,-,-,-,-,-
"The system shall provide the authorized user with permission “edit task” he ability
to delete any existing dependency between tasks. This operation must be
undoable.",-,-,-,-,any*
"The authorized user with permission “edit task” must be able to edit the
association between a task and a resource. The association can be deleted, or
moved to another task or resource.",-,-,-,-,another*
"The system shall organize all available resources in the list and provide the
authorized user with permission “view resource” the ability to browse, select, view
and edit resources in the list.",-,-,-,-,all*
"The user must be able to generate reports defined in R1.06.01 for any subset of
projects from one or different project portfolios.",-,-,-,-,any*one*
The system shall provide the open interface to the payroll system.,-,-,-,-,-
"The system shall be designed in that way, that the localization (translation of UI,
all system messages, documentation and help into other languages) can be done
within 1 week by 2",-,-,-,-,all*
The Mean Time Between Failures (MTBF) must be at least 300 hours.,-,-,-,-,least*
"The average time between failure and being returned to service (MDT) must not
exceed 2 hours within the operational hours and 8 hours outside operational
hours (maintenance weekends).",average*,-,-,not*,-
"The system shall provide a mechanism of user authentication to unambiguously
identify a user.",-,-,-,-,-
"Under the condition that the host system fulfils the hardware requirement
R13.01.01, the time between initiation of the system startup and availability of full
system functionality must be not longer 10 minutes.",-,-,-,not*,-
"The host part of the system shall consume not more than 800 Mbytes of RAM at
any point of time. The average22 memory consumption must be not higher than
500 Mbytes.",-,-,-,not*not*,any*
"The client part of the system shall consume not more than 1 GB of disk space.
The host part of the system shall consume not more than 5 GB of disk space24",-,-,-,not*not*,-
"The upgrade of the system must be a particular case of the installation and fulfill
the same requirements.
The upgrade shall preserve all user data: projects, tasks, resources, project
portfolios.",-,-,-,-,all*
"The DBMS for the PMS data storage must be available and provide enough user
licensees to ensure full functionality of the PMS.",-,-,-,-,enough*
"The program should be user friendly and aesthetically pleasing, appropriately designed for
standard business and home software.",friendly*,-,-,-,-
"Program instructions should easy to understand, abstract but clear.",easy*,-,-,-,-
"A ‘help’ section should be available, to assist users when usage difficulties are faced using the program. Additional assistance should be displayed where necessary.
",-,-,-,-,-
Creation and editing of 2D floor plans for one building floor using straight lines only,-,-,-,-,one*
Creation and editing of constraints,-,-,-,-,-
"A user interface encompassing the floor plan, entities, and constraints",-,-,-,-,-
"A print option or a exportable format suitable for printing which can produce a document
suitable for use as a floor layout diagram",-,-,-,-,-
The ability to manually assign room names,-,-,-,-,-
Runs on Microsoft Windows XP,-,-,-,-,-
"Allow quick, precise, understandable, and easily accessible editing of in-program data",-,-,-,-,-
"Provide a accessible and usable User Interface to someone who is has basic computer
knowledge",-,-,-,-,someone*
Has a data representation that allows AI algorithms to propose a optimised floor plan,-,-,-,-,-
Host multiple games simultaneously,-,-,-,-,-
Users able to playing more than one game at a time,-,-,-,-,one*
Individual profiles for each user,-,-,-,-,each*
Validate an order without knowledge of other orders,-,-,-,without*,-
"Flexibility in both the rules and map, e.g. ability to implement more than one map, and for the
adjudicator to use more than one set of rules",-,-,-,-,one*one*
"Easy to use interface for a Diplomacy novice, one that is useable and visually attractive",-,-,-,-,one*
"Have an open format for data storage and interaction, allows easy extension by third parties",easy*,-,-,-,-
The system shall allow employees to view the owner of any product. An employee should be able to contact the correct owner in one phone call x% of the time.,-,-,-,-,any*one*
The system shall provide accounting with accurate purchase transaction data. This will improve customer service by reducing billing complaints by x% and save $y in correcting inaccurate accounts.,-,-,improve*,-,-
The system shall provide shipping with accurate order data. This will allow the order to be processed in x days and inventory to be updated within y hours.,-,-,-,-,-
"The system shall make whitepapers available from the product page. This will allow customers to answer product questions themselves, reducing customer support costs by $x annually.",-,-,support*,-,-
The system shall be completely operational at least x% of the time.,-,-,-,-,least*
Down time after a failure shall not exceed x hours.,-,-,-,not*,-
A user who already knows what product he is interested in should be able to locate and view that page in x seconds.,-,-,-,-,-
The number of web pages navigated to access product information from the top page should not exceed x.,-,-,-,not*,-
The system should be able to support x simultaneous users.,-,-,support*,-,-
The mean time to view a web page over a 56Kbps modem connection shall not exceed x seconds.,-,-,-,not*,-
The mean time to download and view and whitepaper in PDF format for a 56Kbps modem shall not exceed x seconds.,-,-,-,not*,-
"The system shall provide password protected access to web pages that are to be viewed only by employees.
",-,-,-,-,-
The system should be able to accommodate new products and product lines without major reengineering.,-,-,-,without*,-
"The system web site shall be viewable from Internet Explorer 4.0 or later, Netscape Navigator/Communicator 3.0 or later and the America Online web browser version 3.0 or later.",-,-,-,-,-
This help page should be accessible from all other pages.,-,-,-,-,all*
A language translation tool from English to French and English to German will be needed.,-,-,-,-,-
A web site search engine will be needed.,-,-,-,-,-
providing customers and sales agents fast access to up-to-date and accurate product information and whitepapers.,fast*,-,-,-,-
User should be able to mail any report to management.,-,-,-,-,any*
 System Initialization shall [SRS014] initiate the watchdog timer.,-,-,-,-,-
"4. System Initialization shall [SRS292] enable and reset the processor’s watchdog timer such that, in the absence of a fault, the watchdog timer does not expire and reset the processor..",-,-,-,not*,-
" System Initialization shall [SRS010] configure the FCP virtual group to use all available synchronized processors, if at least 3 of the 5 FCRs are active.",-,-,-,-,all*least*
" If any of the FCP processors are not synchronized, System Initialization in the surviving triplex shall [SRS177] attempt to sync with the failed FCP.",-,-,-,not*,any*
System Initialization shall [SRS011] align processor state and congruent aligned memory locations.  Processor state includes all registers.  It also includes those timers used by FTSS.,-,-,-,-,all*
The FCP shall [SRS296] configure ICP simplex virtual groups for each channel in the FCP virtual group.,-,-,-,-,each*
"System Initialization shall [SRS215] call an application initialization function to allow the application to (at least) create tasks, create communication sockets, initialize the vehicle mode, and initialize memory alignment allowance.",-,-,-,-,least*
"The FCP shall [SRS221], after application initialization is complete, send an FCP Ready Sync message to the ICP",-,-,-,-,-
"The FCP shall [SRS243], if the NEFU ICP fails to send its ICP Ready signal, mask out that ICP, but continue to use the NE.",-,-,-,-,-
"System Initialization shall [SRS199], when all other activities are completed, start the 50 Hz timer and enable the timer interrupt.  This will allow the interrupt handler to initiate normal activities.",normal*,-,-,-,all*
The scheduler shall [SRS017] provide an API call to install a task into a rate group. The API call is invoked during system initialization.,-,-,-,-,-
The scheduler shall [SRS196] support up to 20 tasks per rate group.,-,-,support*,-,-
The scheduler shall [SRS197] support up to 3 rate groups per vehicle mode.,-,-,support*,-,-
The scheduler shall [SRS195] support up to 5 vehicle modes.,-,-,support*,-,-
The FTSS software shall [SRS002] provide the identical services in all vehicle modes.,-,-,-,-,all*
"The scheduler shall [SRS028] detect 50 Hz, 10 Hz and 1 Hz rate group over-runs.",-,-,-,-,-
The scheduler shall [SRS029] report rate group over-runs to the application via an API service for incorporation in the telemetry data stream.,-,-,-,-,-
The scheduler shall [SRS216] provide an API call to specify which task was running within the rate group which over-ran.,-,-,-,-,-
The scheduler shall [SRS030] provide a mechanism to inform a task when it did not complete during the previous frame and restart it at the beginning of the task.,-,-,-,not*,-
The scheduler shall [SRS191] issue the 50 Hz interrupt to all the ICPs with a skew no greater than 330 microseconds.,-,-,-,-,all*
The scheduler shall [SRS198] execute all the tasks in each of the rate groups that have been installed in the current mode.,-,-,-,-,all*each*
The scheduler shall [SRS039] rely on the order used in adding tasks to a rate group to determine the task priorities.,-,-,-,-,-
"For software exceptions occurring within the FTSS, the FTSS shall [SRS277] make the error type and its context data available to the application, then restart the offending task at its beginning.",-,-,-,-,-
"Communication services shall [SRS049] provide the capability to ""broadcast"" messages to all virtual groups.",-,-,-,-,all*
Communication services shall [SRS052] route messages to the proper virtual group(s) and socket.,-,-,-,-,-
Communication services shall [SRS053] deliver messages in the same order at each member of a virtual group.,-,-,-,-,each*
FTSS shall [SRS255] mask out a babbling NE or ICP within 40 milliseconds after it is detected.,-,-,-,-,-
"  Communication services shall [SRS069] provide the capability to create ""pipe""s which ""broadcast"" their messages to all virtual groups.",-,-,-,-,all*
"1.       If the broadcast option is used, each virtual group should open the pipe and read from it to avoid flow control problems.",-,-,-,-,each*
"The FTSS shall [SRS260] configure each FCP to perform IBIT Minimum Processing Environment (MPE) Tests, Power-up Tests, and Initial BIT on each FCP, as shown inTable 3.2-2. .",-,-,-,-,each*each*
The FTSS shall [SRS261] configure each FCP to halt processing if any of the MPE tests fail.,-,-,-,-,each*any*
The FTSS shall [SRS262] configure each FCP to continue processing if any of the Power-up or Initial BIT tests fail.,-,-,-,-,each*any*
"  The FTSS shall [SRS287] configure each ICP to perform IBIT Minimum Processing Environment (MPE) Tests, Power-up Tests, and Initial BIT on each ICP, as shown inTable 3.2-3.",-,-,-,-,each*each*
The FTSS shall [SRS288] configure each ICP to halt processing if any of the MPE tests fail.,-,-,-,-,each*any*
The FTSS shall [SRS289] configure each ICP to continue processing if any of the Power-up or Initial BIT tests fail.,-,-,-,-,each*any*
1.     The FTSS shall [SRS267] configure each MPCC to perform MPE Tests as shown in Table 3.2-5.  ,-,-,-,-,each*
"  Each MPCC is configured to halt processing if any of the MPE tests, listed in Table 3.2-5, fails.",-,-,-,-,any*
"Continuous BIT, in conjunction with Redundancy Management and Scheduler operations running in the 50 Hz rategroup after the application tasks, shall [SRS091] take less than 2 milliseconds under nominal no-fault conditions.",-,-,-,-,less*
"Continuous BIT, in conjunction with Redundancy Management and Scheduler operations running in the 50 Hz rategroup after the application tasks, shall [SRS183] take less than 3 milliseconds while processing faults.",-,-,-,-,less*
Continuous BIT shall [SRS093] execute on the FCP virtual group.,-,-,-,-,-
Continuous BIT shall [SRS095] exercise the presence test at 50 Hz to ensure that all processors in the FCP virtual group are synchronized.,-,-,-,-,all*
"The presence test shall [SRS184] also ascertain that all processors are executing the same 50 Hz, 10 Hz and 1 Hz frames.",-,-,-,-,all*
Continuous BIT shall [SRS097] detect a failed ICP processor by detecting the absence of a periodic message for 2 consecutive minor cycles.,-,-,-,-,-
Continuous BIT shall [SRS098] report all diagnosed failures and recovery actions to the application for incorporation in the telemetry stream.,-,-,-,-,all*
"Redundancy Management shall [SRS201] be able to accommodate power up of all 5 channels and maintain all 5 NEs active, assuming no failures.",-,-,-,-,all*all*
RAM scrub shall [SRS043] actively trigger the EDAC function by cyclically reading (and writing back if an error is found) all used RAM.,-,-,-,-,all*
"RAM scrub shall [SRS044] report detected errors to the application, congruently on all channels, via an API service for inclusion in the telemetry stream.",-,-,-,-,all*
"RAM scrub shall [SRS187] be capable of scrubbing at least 10 megabytes every 8 minutes, given at least 1% of the CPU is available for this processing.",-,-,-,-,least*least*
RAM scrub shall [SRS275] not scrub the area used for telemetry data.,-,-,-,not*,-
Redundancy Management shall [SRS101] define an initial mapping of physical hardware to virtual group identifiers consisting of 1 quadruplex FCP virtual group and 5 ICP simplexes.,-,-,-,-,-
"If an FCR is diagnosed as faulty during Startup, Redundancy Management shall [SRS102] exclude the FCP in the faulty channel from the initial FCP virtual group configuration.",-,-,-,-,-
Redundancy Management shall [SRS109] degrade the FCP virtual group within 3 minor frames of fault detection and isolation,-,-,-,-,-
"Redundancy Management shall [SRS204] issue a voted reset to the failed channel, if alignment is permitted. (Note that NEFU recovery does not depend on whether alignment is permitted.)",-,-,-,not*,-
"Redundancy Management shall [SRS129] initiate transient NE recovery to restore Byzantine-resilient communications, if alignment is permitted. (Note that NEFU recovery does not depend on whether alignment is permitted.)",-,-,-,not*,-
Redundancy Management shall [SRS110] reintegrate a failed FCP processor with the FCP virtual group when alignment is permitted and when the processor failure is not permanent.,-,-,-,not*,-
The application software shall [SRS285] have the capability to reset a permanently failed channel to its initial recovery state.,-,-,-,-,-
"Redundancy Management shall [SRS117] reintegrate a processor that is temporarily disabled during a time when alignment was not permitted, when alignment is subsequently permitted.  Redundancy Management picks up",-,-,-,not*,-
Redundancy Management shall [SRS125] perform memory alignment on a major frame boundary upon successful synchronization of all members of the FCP virtual group.,-,-,-,-,all*
"During alignment, Redundancy Management shall [SRS126] update MET (and, by extension, SEP",-,-,-,-,-
"1.     Redundancy Management shall [SRS214], if alignment is permitted, incorporate a new channel within 1.5 minutes after power is applied to the channel.",-,-,-,-,-
"2.     The FTSS API shall [SRS217] specify a memory map that provides the boundaries for congruent aligned memory, congruent initialized memory, and non-congruent memory.",-,-,-,-,-
Memory alignment shall [SRS045] align processor state and congruent aligned memory locations.  Processor state includes all registers.  It also includes those timers used by FTSS.,-,-,-,-,all*
Memory alignment shall [SRS203] take no more than 1 second per Megabyte of data to be realigned.,-,-,-,-,-
The FCP watchdog timer shall [SRS293] remain active during memory re-alignment.,-,-,-,-,-
"Memory alignment shall [SRS294] reset the watchdog timer such that, in the absence of a fault, the timer never expires and resets the processor.",-,-,-,never*,-
The Mission Elapsed Time shall [SRS218] have a drift rate of at worst 50 PPM.,-,-,-,-,-
The Mission Elapsed Time shall [SRS144] not rollover for 30 days.,-,-,-,not*,-
The Separation Elapsed Time shall [SRS145] not rollover for 1 day.,-,-,-,not*,-
The Mission Elapsed Time shall [SRS165] be initialized to zero at the first 50 Hz frame.,-,-,-,-,-
"Time Services shall [SRS246] provide a utility timer to the application.  Note that this timer is not voted, and must be assigned to a variable defined using non-congruent memory.",-,-,-,not*,-
The utility timer shall [SRS256] have a resolution equal to or better than 60.6 nanoseconds.,-,-,-,-,-
The utility timer shall [SRS248] shall be set to zero prior to the first application task running in the first minor frame of each major frame.,-,-,-,-,each*
"In all error cases, Support Services shall [SRS222] attempt to choose an error-free FCC-MPCC path, switching back and forth between channels if necessary.",-,-,-,-,all*
Support Services shall [SRS286] provide an API call which allows the application to specify which MPCC channels in a C&T FCR should be used for telemetry and/or command reception.,-,-,-,-,-
The telemetry capability shall [SRS300] provide status data to FTSS FDI about each FCC-MPCC RS-422 link to the CTC.,-,-,-,-,each*
The Command Read capability shall [SRS152] check for the presence of a command and status message from each CTC on each FCC-MPCC at 10hz.,-,-,-,-,each*each*
The Command Read capability on each FCP shall [SRS153] read the command data received from each CTC via the FCC-MPCC.,-,-,-,-,each*each*
FTSS shall [SRS304] provide status data to the application about each FCC-MPCC RS-422 link to the CTC used for command data.,-,-,-,-,each*
Support Services shall [SRS156] provide an API call to provide the current command data.,-,-,-,-,-
The FTSS shall [SRS158] execute on the Radstone Power PC 604R.,-,-,-,-,-
"In addition, the FTSS software shall [SRS280] provide up to 600 bits of start-up data that indicates the state of the FTPP system during start-up.",-,-,-,-,-
The FTSS software shall [SRS159] be written in the C programming language.,-,-,-,-,-
"Of the 9 Megabytes of DRAM allocation, only 4 Megabytes of FTSS/VxWork’s DRAM shall [SRS259] be re-aligned during any re-alignment attempts.",-,-,-,-,any*
"FTSS shall [SRS253] be compiled, linked and downloaded using Tornado 2 for the NT environment prior to delivery, for all engineering and formal releases.",-,-,-,-,all*
FTSS shall [SRS303] provide an API call to allow the ICP application to determine on which channel it resides.,-,-,-,-,-
"FTSS shall [SRS226] provide ""immediate"" message passing services in the form of ""pipes"". ""Pipes"" provide fast data throughput between virtual groups or within a virtual group when minimal data latency is necessary.",fast*,minimal*,-,-,-
"a)               notification of invalid or out of range application specified parameters on all operations,",-,-,-,-,all*
"d)               connection/transmission error,",-,-,-,-,-
"FTSS shall [SRS230] only allow a single task residing on each specified virtual group to ""open"" the respective end of the pipe.",-,-,-,-,each*
The presence or absence of an NEFU ICP shall [SRS220] not impact the FTSS software (i.e. the FTSS ICP load will not be different).,-,-,-,not*not*,-
FTSS deliveries shall [SRS252] be made using CD ROM media.,-,-,-,-,-
Each FTPP shall  (3.1.1) consist of five (5) NEs (one for each FCC and one for the NEFU) and FTSS software.,-,-,-,-,one*each*one*
The FTPP system shall not (3.1.5) solely exceed these timing requirement budgets.,-,-,-,not*,-
"In the presence of a maximum 2.5 second power-on skew, the FTPP system shall (3.1.6) be capable of completing FCC system power-up and initialization without synchronization errors.",-,-,maximum*,without*,-
"Following power being applied to all five chassis, the FTPP system shall (3.1.7) become operational in at most 1.5 minutes.",-,-,-,-,all*
The FTPP shall (3.1.26) detect a babbling NE or ICP within 20 milliseconds of the receipt of the first erroneous packet.,-,-,-,-,-
"From the time that the NE failure has been identified, and the NE is recoverable, to the time the NE is recovered shall (3.1.11) be no more than 1.5 minutes.",-,-,-,-,-
"The failed channel, provided it is recoverable, shall (3.1.15) be recovered in less than 1.5 minutes.",-,-,-,-,less*
"The FTPP system shall (3.1.17) be two fault tolerant for any two non-simultaneous hardware faults through out all phases of the X-38 mission (i.e., from power on to power off, without degradation).",-,-,-,without*,any*all*
The FTPP system shall (3.1.18) be capable of powering up and operating with any combination of 3 of the 5 FCR's active.,-,-,-,-,any*
"The FTPP system shall (3.1.19) be able to accommodate power up of all 5 channels and maintain all 5 NEs active, assuming no failures.",-,-,-,-,all*all*
The FTPP system shall (3.1.20) incorporate additional channels in the active set as they are powered-on by the application software.,-,-,-,-,-
"After the initial power-up of only two FCRs and the NEFU, the FTPP system shall (3.1.25) be able to incorporate two more FCRs, upon their simultaneous or separate power-up.",-,-,-,-,-
All healthy FCRs shall (3.1.22) be incorporated as they become available.,-,-,-,-,-
"When memory realignment is not permitted, the FTPP system shall (3.1.24) maintain, at a minimum, 3 channels of I/O or 2 channels of I/O and the NEFU.",-,-,minimum*,not*,-
The FCC hardware shall (3.2.1.1) use 3-digit binary numbers as outlined above for both addresses.,-,-,-,-,-
The NE shall (3.2.2.2.1) keep track of the grouping of physical processors into virtual groups. This mapping is contained in the Configuration Table (CT).,-,-,-,-,-
It shall (3.2.2.2.3) be possible to modify the CT whenever any of this information is changed by using a CT update primitive in a synchronous and atomic manner.,-,-,-,-,any*
"The ISYNC procedure shall (3.2.2.3.4) terminate when all 5 NEs are synchronized, four NEs are synchronized (when only four NEs are powered), or after the time-out period.",-,-,-,-,all*
The maximum time-out value shall (3.2.2.3.7) be 327.68 microseconds (256 counts of the least significant bit of the fault tolerant clock which is 1.28 microseconds).,-,significant*bit*,maximum*,-,least*
It shall (3.2.2.4.2) stay in TNR mode indefinitely until a successful TNR exchange is observed.,-,-,-,-,-
"The operational NEs shall (3.2.2.4.3) enter a ""working group"" TNR routine when the FCPs request to send a TNR packet.",-,-,-,-,-
"If no new NE is observed, the functioning NEs shall (3.2.2.4.6) return to the operational mode within 500 microseconds.",-,-,-,-,-
"If there is a new NE, the state of the reintegrated NE shall (3.2.2.4.13) be made congruent with the state of the operational NEs as follows.",-,-,-,-,-
Time-outs in the scoreboard shall (3.2.2.4.8) be aligned by resetting all time-outs.,-,-,-,-,all*
"There shall (3.2.2.5.1) be built-in support on the NE for voted resets, including a special packet type for executing the primitive.",-,-,support*,-,-
The NE syndromes shall (3.2.2.6.2) be located in the second longword of the input information block buffer cell.,-,-,-,-,-
"The NE syndromes shall (3.2.2.6.3) include indications of vote errors, fault-tolerant clock synchronization errors, and fiber-optic link errors, as detailed below.",-,-,-,-,-
Each syndrome shall (3.2.2.6.4) represent an occurrence of the indicated error at some time between delivery of the previous packet and delivery of the current packet.,-,-,-,-,some*
The scoreboard syndromes shall (3.2.2.6.5) be located in the third longword of the input information block buffer cell.,-,-,-,-,-
"When a majority, but not a unanimity, of FCP members are observed with packets in their output buffers, a time-out shall (3.2.2.6.7) be initiated.",-,-,-,not*,-
"When a majority, but not a unanimity, of FCP members are observed with room in their input buffers, a time-out shall (3.2.2.6.15) be initiated.",-,-,-,not*,-
The NE shall (3.2.2.7.1) place a timestamp in the input information block of each packet successfully delivered to an FCP or ICP.,-,-,-,-,each*
The timestamps shall (3.2.2.7.2) be congruent across all members of the destination FCP.,-,-,-,-,all*
The timestamps shall (3.2.2.7.3) also be congruent across all active processors in the case of a broadcast.,-,-,-,-,all*
"When the timestamp counter reaches the maximum value (Hex FFFFFFFF or approximately 5500 seconds), it shall (3.2.2.7.6) wrap around to zero.",-,-,maximum*,-,-
The timestamp counter shall (3.2.2.7.7) be initialized to zero during ISYNC.,-,-,-,-,-
"The counter shall (3.2.2.7.8) increase monotonically after that, except during TNR.",-,-,-,-,-
The NE shall (3.2.2.8.1) implement in microcode support commands to aid in debugging new NEs and for performing stand-alone diagnostics and self-tests.,-,-,support*,-,-
It shall (3.2.3.1.2.2) be able to be installed in an Air Transportable Rack (ATR) Chassis with .8 pitch spacing card slots.,-,-,-,-,-
Backplane connector form factors shall (3.2.3.1.2.5) be in accordance with the VME64 with extensions (5 row P1 and P2) draft standard.,-,-,-,-,-
Connector P2 shall (3.2.3.1.2.6) have all pins in row z connected to ground;Row d pins 1 through 31 connected to ground and row d pin 32 connected to +5 VDC.,-,-,-,-,all*
The inter-NE communications shall (3.2.3.1.2.9) be through fiber.,-,-,-,-,-
Test points shall (3.2.3.1.2.10) be made available at the P2 connector for examining the operational status of the NE.,-,-,-,-,-
Each flight NE shall (3.2.3.1.2.11) dissipate no more than 35 Watts.,-,-,-,-,-
The flight NE shall (3.2.3.1.3.1) be capable of meeting all performance requirements specified herein during and after exposure to the environmental service conditions specified herein. ,-,-,-,-,all*
"The flight NE  shall (3.2.3.1.3.2)  be designed and constructed so that no part of any component shifts in setting, position, or adjustment.",-,-,-,-,any*
No degradation shall (3.2.3.1.3.3) be caused in the performance that is specified in Subsections 3.2.3.1.3.1 through 3.2.3.1.3.11,-,-,-,-,-
"The flight NE shall (3.2.3.1.3.1.1)  meet the following temperature requirement while operating, 32 F to 149 F (0 C to 65 C) at the card edge.",-,-,-,-,-
The flight NE shall (3.2.3.1.3.2.1) be capable of complying with all of the performance specified herein while not operating during all specified levels.,-,-,-,not*,all*all*
The flight NE shall (3.2.3.1.3.2.1.3) be non operating during the application of this vibration in all axes.,-,-,-,-,all*
All radiation test results shall (3.2.3.1.3.3.7) be characterized and documented.,-,-,-,-,-
"The flight NE shall (3.2.3.1.3.5.1) be designed to comply with all of the performance requirements specified herein while withstanding the effects of up to 90% relative humidity, non condensing while operating.",-,-,-,-,all*
The flight NE shall (3.2.3.1.3.6.1) be designed to be capable of complying with all the performance requirements specified herein while non-operating in an atmosphere of 8 to 18 Psia.,-,-,-,-,all*
The flight NE shall (3.2.3.1.3.8.1) be designed to be electromagnetically compatible with the Radstone Power PC 604R ,-,-,-,-,-
"The useful operating service life shall (3.2.3.1.3.10.2.1) be a minimum of 30,000 hours. ",-,-,minimum*,-,-
"For acceptance testing, the flight NE shall (3.2.3.1.3.12.1.3) meet the following temperature requirement while operating, 32 F to 132 F (0 C to 55.6 C) at the card edge.",-,-,-,-,-
The NE shall (3.2.3.2.2) support at least two physical processors per FCR. ,-,-,support*,-,least*
The NE shall (3.2.3.2.3) support at least 6 virtual groups. ,-,-,support*,-,least*
The NE shall (3.2.3.2.5) support class 1 and class 2 bandwidth of at least 1 Mbyte/sec.,-,-,support*,-,least*
"The skew between NEs, measured at delivery of messages to dual-port RAM accessible by the processors via the VME bus, shall (3.2.3.2.6) be no more than 100 nsecs.",-,-,-,-,-
The NEs shall (3.2.3.2.7) be able to achieve phase-locked synchronization of the fault-tolerant clocks in less than 5 milliseconds from the time the last FCC powered up and exited the reset state,-,-,-,-,less*
"The presence, or absence of, an NEFU ICP shall (3.2.5.2) not impact the NE firmware (i.e., the NE firmware will not be different).",-,-,-,not*not*,-
Fault Tolerant System Services (FTSS) software shall (3.3.1.1) use VxWorks Version 5.4 as the Operating System.,-,-,-,-,-
"The software shall (3.3.1.2) be written in the C programming language, with the exception of the system loader software which may be written in scripts, and operate on a PowerPC 604R.",-,may*,-,-,-
"Of the 9 Megabytes of DRAM allocation, only 4 Megabytes of FTSS/VxWork’s DRAM shall (3.3.1.5) be re-aligned during any re-alignment attempts.",-,-,-,-,any*
"Upon CPU reset caused by power on, watchdog timer or by other means, Start Up shall (3.3.2.1) execute the initial BIT (IBIT).",-,-,-,-,-
"On each FCP, the FTPP system shall (3.3.2.26) configure the Radstone firmware to perform the IBIT tests shown in Table 3.3.2.1, FCP IBIT Table.",-,-,-,-,each*
"The FTPP system shall (3.3.2.27) configure the Radstone processor to halt processing if any of the MPE tests, mentioned in Table 3.3.2.1, FCP IBIT Table, fail.",-,-,-,-,any*
"The FTPP system shall (3.3.2.28) configure the Radstone processor to continue processing if any of the Power-up tests or Initial BIT tests mentioned in Table 3.3.2.1, FCP IBIT Table, fail.",-,-,-,-,any*
"In all FCP IBIT cases, provided the hardware state permits, the FTSS shall (3.3.2.29) log the error and report it in the X-38 telemetry stream.",-,-,-,-,all*
"On each ICP, the FTPP system shall (3.3.2.30) configure the Radstone firmware to perform the IBIT tests shown in Table 3.3.2.2, ICP IBIT Table. ",-,-,-,-,each*
"The FTPP system shall (3.3.2.31) configure the Radstone processor to halt processing if any of the MPE tests, mentioned in Table 3.3.2.2, ICP IBIT Table, fail.",-,-,-,-,any*
"The FTPP system shall (3.3.2.32) configure the Radstone processor to continue processing if any of the Power-up tests or Initial BIT tests mentioned in Table 3.3.2.2, ICP IBIT Table, fail.",-,-,-,-,any*
"In all ICP IBIT cases, provided the hardware state permits, the FTSS shall (3.3.2.33) log the error and report it in the X-38 telemetry stream.",-,-,-,-,all*
"On each ICP/PMC1553, the FTPP system shall (3.3.2.34) configure the Radstone firmware to perform the IBIT tests shown in Table 3.3.2.3, ICP/PMC1553 IBIT Table. ",-,-,-,-,each*
"The FTPP system shall (3.3.2.35) configure the Radstone ICP/PMC1553 card to halt processing if any of the MPE tests, mentioned in Table 3.3.2.3, ICP/PMC1553 IBIT Table, fail.",-,-,-,-,any*
"The FTPP system shall (3.3.2.36) configure the Radstone ICP/PMC1553 card processor to continue processing if any of the Power-up tests or Initial BIT tests mentioned in Table 3.3.2.3, ICP/PMC1553 IBIT Table, fail.",-,-,-,-,any*
"The FTPP system shall (3.3.2.36) configure the Radstone ICP/PMC1553 card to continue processing if any of the  Initial BIT tests mentioned in Table 3.3.2.3, ICP/PMC1553 IBIT Table, fail.",-,-,-,-,any*
"In all ICP/PMC1553 IBIT cases, provided the hardware state permits, the FTSS shall (3.3.2.37) log the error and report it in the X-38 telemetry stream.",-,-,-,-,all*
"On each MPCC, the FTPP system shall (3.3.2.38) configure the Radstone firmware to perform the IBIT tests shown in Table 3.3.2.4, MPCC IBIT Table.",-,-,-,-,each*
"In all MPCC IBIT cases, provided the hardware state permits, the FTSS shall (3.3.2.40) log the error and report it in the X-38 telemetry stream.",-,-,-,-,all*
"However, the FTSS SW shall (3.3.2.42) notify the application software if the 5th ICP’s heartbeat ceases to exist.",-,-,-,-,-
Start Up shall (3.3.2.13) make their state congruent.,-,-,-,-,-
"The FCP state shall (3.3.2.14) include all volatile memory, read/write memory, registers, timers, and counters, except that part of the memory exclusively set aside for channel-unique information.",-,-,-,-,all*
It shall (3.3.2.17) support normal synchronization following power on or reset,normal*,-,support*,-,-
It shall (3.3.2.17) support normal synchronization following power on or reset.,normal*,-,support*,-,-
Start Up shall (3.3.2.18) be able to synchronize all operational FCPs in the presence of this skew in the power on sequence.,-,-,-,-,all*
Start Up shall (3.3.2.19) test to ensure that all four FCPs are synchronized.,-,-,-,-,all*
The Scheduler shall (3.3.4.1) support three rate groups:,-,-,support*,-,-
"The Scheduler shall (3.3.4.1) support three rate groups: 50 Hz (minor frame), 10 Hz (medium frame), and 1 Hz (major frame).",-,-,support*,-,-
The FTSS software shall (3.3.4.19) provide an API call which provides the application program the minor frame number.,-,-,-,-,-
The Scheduler shall (3.3.4.5) place processing time bounds on all rate groups to ensure that no rate group monopolizes the FCC's processor.,-,-,-,-,all*
Tasks within a rate group shall (3.3.4.7) be executed in the order in which the mission manager registers the tasks.,-,-,-,-,-
The Scheduler shall (3.3.4.13) attempt recovery from a frame overrun according to the following policy:,-,-,-,-,-
"if the scheduler determines that a task did not finish within its specified rate boundary, the scheduler shall (3.3.4.14) signal that a task overrun occurred.",-,-,-,not*,-
"The Scheduler in the FTPP shall (3.3.4.16) keep all redundant copies of a process, which are executing in different computers, in synchronization.",-,-,-,-,all*
"The scope of FDIR shall (3.3.5.1) be limited to the hardware on the four FCP boards, the four MPCC/CTC boards, the five ICPs, and the five NEs.",-,-,-,-,-
"FDIR shall (3.3.5.2) receive this information and, after two consecutive missed “heartbeats,” conclude that the ICP is failed.",-,-,-,-,-
FDIR shall (3.3.5.3) report the total FCC status to the Vehicle/Mission Manager when requested to do so by the Vehicle/Mission Manager.,-,-,-,-,-
The FDIR shall (3.3.5.4) execute CBIT during all operational phases.,-,-,-,-,all*
"The CBIT shall (3.3.5.5) be executed at a 50 Hz rate, after all 50 Hz flight critical operations are complete.",-,-,-,-,all*
"The presence test shall (3.3.5.7) also ascertain that all processors are executing the same 50 Hz, 10 Hz, and 1 Hz frames.",-,-,-,-,all*
The CBIT shall (3.3.5.8) also arm and reset the hardware watchdog timer.,-,-,-,-,-
The CBIT shall (3.3.5.10) be executed without interfering with the normal execution of the application tasks.,normal*,-,-,without*,-
The FDIR shall (3.3.5.11) not take more than 2 msec per minor frame under nominal no-fault conditions.,-,-,-,not*,-
The FDIR shall (3.3.5.12) not take more than 3 msec per minor frame while processing faults.,-,-,-,not*,-
The FDIR shall (3.3.5.13) be able to discriminate between permanent and non-permanent faults.,-,-,-,-,-
"The FDIR shall (3.3.5.16) be able to identify a fault source, at least to an FCR.",-,-,-,-,least*
The FDIR shall (3.3.5.17) place all fault and recovery information in shared memory for inclusion in the frames that will be telemetred and recorded by the CTC.,-,-,-,-,all*
"For the first permanent FCP failure, FDIR  shall (3.3.5.30) degrade the redundancy level of the FCP from 4 to 3.",-,-,-,-,-
"Additionally, FDIR shall (3.3.5.20) reinitialize and integrate an FCP if permitted by the Vehicle/Mission Manager.",-,-,-,-,-
FTSS shall (3.3.5.35) notify the applications that memory re-alignment and re-integration of an FCP is going to occur in 1 second.   ,-,-,-,-,-
"Intentional powering down of an FCP, ICP, or NE shall (3.3.5.32) not be classified as a fault.  ",-,-,-,not*,-
"The FTPP system shall (3.3.5.29) perform the ""FTPP Failure Response/Recovery Mechanisms""as listed in the following matrix and notes of interest.",-,-,-,-,-
A transmit packet queue and a receive packet queue shall (3.3.6.7) be maintained for each task or Communication ID (CID).,-,-,-,-,each*
Message passing communications primitives shall (3.3.6.9) be provided for task-to-task communication as well as for broadcast to all processors.,-,-,-,-,all*
Broadcast primitives shall (3.3.6.10) not be available on ICPs.,-,-,-,not*,-
"For the highest rate group tasks (i.e., tasks that can not be preempted), Immediate Message Services shall (3.3.6.11) also be provided.",-,-,-,not*,-
"Any makefiles or other automated scripts that support the build, down-load, and flash programming processes shall (3.3.7.2) be delivered with the software to NASA.",-,-,support*,-,-
"For each mission mode, the congruent and non-congruent memory boundaries shall (3.3.8.1) be known and fixed.",-,-,-,-,each*
"The Memory Management software shall (3.3.8.2) periodically ""scrub"" volatile and read/write memory in the FCP.",-,-,-,-,-
It shall (3.3.8.3) not be necessary to scrub memory that is not used by the flight software.,-,-,-,not*not*,-
It shall (3.3.8.16) not be necessary to scrub that area used to store telemetry data.,-,-,-,not*,-
Memory scrubbing shall (3.3.8.5) be executed without interfering with normal execution of applications tasks.,normal*,-,-,without*,-
"Even though memory scrubbing is performed locally and the errors would not be congruent, the recording of errors shall (3.3.8.10) be congruent.",-,-,-,not*,-
Memory Management software shall (3.3.8.14) include (but not be limited to) memory scrubbing and memory realignment.,-,-,-,not*,-
Memory shall (3.3.9.1) be categorized into congruent (identical data) and non-congruent (data that is not identical) memory.,-,-,-,not*,-
Time Management shall (3.3.10.4) provide MET.,-,-,-,-,-
The MET shall (3.3.10.6) measure real-time from this event with an accuracy of at most 50 Parts Per Million (PPM).,-,-,-,-,-
The MET shall (3.3.10.8) be able to increment to at least 30 days without rolling over.,-,-,-,without*,least*
The MET shall (3.3.10.9) be congruent across all FCP members.,-,-,-,-,all*
"Following a processor recovery, during which time is frozen, the FTSS software shall (3.3.10.10) account for the frozen time and update MET to its proper value.",-,-,-,-,-
The SEP shall (3.3.10.15) be able to increment to at least 1 day without rolling over.,-,-,-,without*,least*
The SEP shall (3.3.10.16) be congruent across all FCP members.,-,-,-,-,all*
"Following a processor recovery, during which time is frozen, the FTSS software shall (3.3.10.17) account for the frozen time and update SEP to its proper value.",-,-,-,-,-
"If the SEP API call is made prior to actual separation, the call shall (3.3.10.27) return zero (0).",-,-,-,-,-
The utility timer shall (3.3.10.25) have a resolution of 60.6 nanoseconds.,-,-,-,-,-
"Control flow of the four FCPs shall (3.3.11.2) be similar, if not identical.",-,-,-,not*,-
Asymmetric I/O calls shall (3.3.11.3) not be allowed to induce a large enough skew to force the FCPs to desynchronize.,large*,-,-,not*,enough*
"For software exceptions, the FTPP system shall (3.3.12.2) then transfer control to a user specified exception handling routine, if one is provided.",-,-,-,-,one*
"For reserved exceptions, the FTPP system shall (3.3.12.6) “handle” the exception by making the error and its context data available to the application and then returning from the exception handler.",-,-,-,-,-
"Finally, for software exceptions only, the FTPP system shall (3.3.12.3) then “jump back” to the initialization point for the offending task.",-,-,-,-,-
"If the exception occurs within the FTSS software, the FTPP system shall (3.3.12.7) “jump” back to the beginning of the task, skip all initialization code, and begin processing the task’s code again.",-,-,-,-,all*
An application programming interface shall (3.3.13.3) be documented in a FTSS API document.,-,-,-,-,-
"The presence, or absence of, an NEFU ICP shall (3.3.14.1) not impact the FTSS software (i.e., the FTSS ICP load will not be different).",-,-,-,not*not*,-
"FTSS services shall (3.3.15) provide an API call which provides the capability to close and delete all communication mechanisms delete all rate groups, and suspend and delete all tasks.",-,-,-,-,all*all*all*
The FCP shall (3.4.1.2.5) signal the start of each minor frame in all ICPs by means of a VMEbus IRQ5 interrupt.,-,-,-,-,each*all*
The interrupts across all channels shall (3.4.1.2.6) have a skew no greater than 330 microseconds.,-,-,-,-,all*
The data mentioned in requirement 3.4.2.2 and any other Draper-provided telemetry data shall (3.4.2.9) fit within Draper’s allocated telemetry budget of 5000 bits/sec.,-,-,-,-,any*
The FTSS software shall (3.4.2.6) congruently decide which FCP channel should be the source of CTC data.,-,-,-,-,-
This decision shall (3.4.2.7) be made based on the health and status of all the physical links from the FCP to the CTC.,-,-,-,-,all*
The FTSS software shall (3.4.2.8) deliver to the requisite NASA application program commands received from both CTCs.,-,-,-,-,-
Draper shall (3.5.5) not violate the 100 microseconds requirement.,-,-,-,not*,-
"Draper shall (3.5.7) deliver FTSS engineering release version 5/6, and any subsequent versions of the FTSS software, via CD-ROM.",-,-,-,-,any*
"The states of operation of the TCS shall include Startup, Operation, and Shutdown. [SSS014]",-,-,-,-,-
The TCS states shall not exist concurrently. [SSS015] Figure 3.1-1 shows the existing states of the TCS.,-,-,-,not*,-
The Startup State shall be comprised of the following modes: Normal Startup Mode and Recovery Startup Mode. [SSS017],-,-,-,-,-
"During startup, the TCS shall determine which of the 5 levels of interaction are achievable by the TCS configuration. [SSS021]",-,-,-,-,-
The TCS in the Recovery Startup Mode shall provide the system functionality to resume the Operations State within 45 seconds. [SSS029],-,-,-,-,-
"Recovery of the TCS HWCIs shall include startup of HWCIs [SSS543], download of software [SSS544], startup of CSCIs [SSS545], and establishment of the state of readiness of all interfaces. [SSS546]",-,-,-,-,all*
"The TCS shall be capable of automatically recording system state data, interface communications and other information necessary to support event reconstruction. [SSS528]",-,-,support*,-,-
"When in the Operations State the TCS shall be capable of operating in three modes: normal operations mode, training operations mode, and maintenance operations mode. [SSS032]",normal*,-,-,-,-
The Operations State modes shall not exist concurrently. [SSS033],-,-,-,not*,-
The operator shall have the capability to command the system to the Shutdown State from all modes under the Operations State. [SSS035],-,-,-,-,all*
"any of the other functions, in accordance with allowable operations as determined by the appropriate levels of interaction. [SSS040",-,-,-,-,any*
The TCS shall have the functionality to receive and process UAV mission plans from service specific mission planning systems. [SSS053],-,-,-,-,-
The TCS shall provide the system functionality necessary to upload a flight route plan and payload plan (if,-,-,-,-,-
applicable) to the AV via the selected system data link as well as direct ground connection. [SSS070],-,-,-,-,-
The TCS shall notify the operator of all discrepancies found during the mission plan check as well as indicate successful completion of the mission plan check. [SSS074],-,-,-,-,all*
The TCS shall provide the capability to override validation faults after the fault is acknowledged by the operator. [SSS540],-,-,-,-,-
The TCS shall provide the capability to print waypoint data in alphanumeric format. [SSS553],-,-,-,-,-
The TCS shall present to the operator the estimated time of arrival and fuel status at each programmed waypoint of the proposed mission plan. [SSS088],-,-,-,-,each*
fuel. [SSS076],-,-,-,-,-
The algorithmic accuracy of all flight planning calculations shall not deviate by more than 10% when compared with a mission flown by a validated 6 degree-of-freedom air vehicle simulator. [SSS090],-,-,-,not*,all*
"The flight route plan, as a minimum, shall provide the necessary AV commands to autonomously execute a programmed flight and return to a designated recovery area. [SSS091]",-,-,minimum*,-,-
"The TCS shall provide the capability to create waypoints that define the desired flight path, define AV Altitude and Airspeed associated with the waypoint. [SSS093]",-,-,-,-,-
A de-clutter capability shall be provided that allows the operator to display only a selected number of the  most significant threats. [SSS063],-,significant*,-,-,-
"The TCS shall provide the capability to modify the maximum number of threats displayed, when de-clutter is selected. [SSS064]",-,-,maximum*,-,-
The TCS shall provide the capability to display waypoint data in alphanumeric format. [SSS552],-,-,-,-,-
"The TCS shall have the capability to load a map onto the display, to zoom in and out, to scroll, to print, and to clear a map on the map display. [SSS095]",-,-,-,-,-
The TCS shall provide the capability to display the payload swath for the selected payload for planning  purposes. [SSS541,-,-,-,-,-
"While flying two MAE AVs Beyond Line Of Sight (BLOS), the TCS shall provide  full  control functionality of each AV. [SSS108]",-,-,-,-,each*
TCS shall be initialized upon operator selection of a specific AV. [SSS109],-,-,-,-,-
"The TCS shall transmit command and control information to the AV via the uplink to the AV [SSS110], and receive AV telemetry and payload information via downlink from the AV [SSS111].",-,-,-,-,-
"The TCS shall provide the capability to pass control of an AV to another TCS [SSS114], and receive control of an AV from another TCS [SSS115].",-,-,-,-,another*another*
The TCS shall provide the capability to control the AV flight commands as well as to release the AV to an autonomous flight control mode. [SSS118],-,-,-,-,-
AV telemetry data shall be available to support other TCS functions as required. [SSS119],-,-,support*,-,-
"The TCS shall provide the capability to enter AV preset limits which, as a minimum, will include airspeed limits, altitude limits, and fuel limits. [SSS122]",-,-,minimum*,-,-
The TCS shall provide the necessary system capabilities required for AV flight control BLOS via uplink command to two MAE air vehicles. [SSS125],-,-,-,-,-
"The TCS shall support operation of the AV via all flight modes, to include manual controls. [SSS126102]",-,-,support*,-,all*
"The TCS shall provide the capability to implement an emergency action plan, if supported by the AV, to  control the AV during equipment failures. [SSS539]",-,-,-,-,-
"The operator shall have the capability to initiate as well as change, to include as a minimum manual override, UAV navigation methods by sending the proper control commands to the UAV. [SSS131]",-,-,minimum*,-,-
"The operator shall have the capability to initiate as well as change, to include as a minimum manual override, flight behaviors by sending the proper control commands to the UAV. [SSS129]",-,-,minimum*,-,-
"As an objective, the TCS shall support an automatic launch and recovery system. [SSS135]",-,-,support*,-,-
"As an objective, the TCS shall present sufficient cues to the operator to implement and monitor automatic launch and recovery, and to initiate abort procedures if required. [SSS138]",-,-,sufficient*,-,-
"TCS shall provide the capability to monitor specific telemetry elements real-time, and record all telemetry elements for future review and processing. [SSS140]",-,-,-,-,all*
TCS shall provide the capability to monitor the status of all AV subsystems reporting status. [SSS142],-,-,-,-,all*
"The TCS shall display the AV status, to include but not be limited to the AV location and flight and  avionics system status. [SSS143]",-,-,-,not*,-
The TCS will have the capability to control and monitor the AV payload(s). [SSS147],-,-,-,-,-
The TCS shall have the capability to receive data from and control payloads on an AV that is being controlled from another TCS. [SSS148],-,-,-,-,another*
The TCS shall permit the operator to control the payload using all methods supported by the payload installed in the selected AV. [SSS152],-,-,-,-,all*
The TCS shall provide a graphical user interface display for the purpose of controlling the payload. [SSS153],-,-,-,-,-
"Data terminal control shall include, but is not limited to, antenna pointing control, transmitter control, and receiver control. [SSS160]",-,-,-,not*,-
The TCS shall be capable of automatically selecting the proper mode of operation for the selected data terminal. [SSS161],-,-,-,-,-
"The operator shall be able to manually override any automatic data terminal control mode selection if desired, except during Emission Control (EMCON) and Hazards of Electromagnetic Radiation to Ordnance (HERO) conditions. [SSS163]",-,-,-,-,any*
The TCS shall support a LOS data link and SATCOM data link capability. [SSS164],-,-,support*,-,-
The TCS shall be capable of automatically controlling the transmitter and receiver functions of the selected data terminal. [SSS171],-,-,-,-,-
The TCS shall be capable of automatically controlling the transmitter and receiver modes of the selected data terminal. [SSS173],-,-,-,-,-
The TCS shall be capable of automatically controlling the transmitter and receiver frequencies of the selected data terminal. [SSS175],-,-,-,-,-
"The TCS shall receive, process, and present status data to the operator so that the status of the data terminal and the supported AV data link can be monitored. [SSS177]",-,-,-,-,-
The TCS shall be capable of presenting to the operator a visual depiction of the minimum and maximum data link operational ranges. [SSS180],-,-,minimum*maximum*,-,-
The NITF 2.0 imagery files generated by the TCS shall contain the necessary telemetry and support data to permit subsequent imagery exploitation by C4I systems. [SSS186],-,-,support*,-,-
The TCS shall be capable of receiving secondary HAE UAV payload imagery. [SSS188] Payload telemetry data shall be available to support other TCS functions as required. [SSS189],-,-,support*,-,-
"The TCS shall provide the capability to simultaneously view imagery as well as data from more than one payload, when applicable. [SSS537]",-,-,-,-,one*
"The TCS will have the functionality to determine target coordinates, and estimate target coordinate  accuracy.",-,-,-,-,-
The TCS shall support a target location function where the operator can request the current ground location of the payload field-of-view center. [SSS206],-,-,support*,-,-
"The TCS shall be capable of entering DII-COE compliant (C4I) networks. [SSS209] Network interoperability will include, but not be limited to:",-,-,-,not*,-
"The TCS shall export and disseminate formatted NITF 2.0 files [SSS558], digital imagery (if applicable) [SSS218], RS-170A video (with as well as without overlay) [SSS219], and tactical communication messages [SSS220].",-,-,-,without*,-
All erroneous messages that cannot be corrected by TCS shall be flagged to the operator. [SSS235],-,-,-,not*,-
The TCS shall provide the capability to log all incoming and outgoing formatted tactical messages. [SSS236],-,-,-,-,all*
"The TCS shall have the functionality to monitor the status of all C4I interfaces, and display appropriate control information. [SSS239]",-,-,-,-,all*
"The TCS shall, as a minimum, have the functionality to provide the following data monitoring capabilities:",-,-,minimum*,-,-
"As a minimum, TCS shall provide Startup FD/L for the operator workstation. [SSS250]",-,-,minimum*,-,-
"The TCS shall provide the capability for Authorized Operators to modify all TCS programmable parameters. [SSS278] As a minimum, the TCS shall restrict Operator access to this capability via password protection. [SSS279]",-,-,minimum*,-,all*
"The TCS shall be capable of importing National Imagery Mapping Agency (NIMA) Digital Terrain Elevation Data (DTED), Digital Feature Analysis Data (DFAD), Arc Digitized Raster Graphic and",-,-,-,-,-
The TCS shall be capable of importing map information via operator procedure [SSS555] and shall be capable of incorporating vector format and Compressed ADRG (CADRG) maps. [SSS281],-,-,-,-,-
The TCS shall provide the system functionality to allow interfacing with external systems via a local area network. [SSS288],-,-,-,-,-
The TCS shall provide an interface between the TCS and an external hard copy printer. [SSS314],-,-,-,-,-
"The TCS shall as a minimum, allow Operator(s) to print freeze-frame video, C4I Messages, Mission Plans, FD/L information, and current map display. [SSS315]",-,-,minimum*,-,-
The TCS shall support a concurrent uplink and downlink capability. [SSS325],-,-,support*,-,-
The RTP interface shall support distributed processing capability. [SSS328],-,-,support*,-,-
The TCS shall allow the Operator(s) to fully control the VCR via the TCS Display input device(s). [SSS334],-,-,-,-,-
"Details of the VCR interface will be defined in the TCS to VCR IDD, TCS 246.",-,-,-,-,-
"The TCS shall, as a minimum, allow the Operator(s) to print freeze-frame video, C4I Messages, Mission Plans, FD/L information, and current map display to an internal printer. [SSS338]",-,-,minimum*,-,-
The TCS design shall consider all safety requirements affecting design and performance except nuclear safety. [SSS345],-,-,-,-,all*
"The TCS shall provide sufficient cues to allow the operator to safely take-off, land and navigate under Instrument Flight Rules. [SSS347]",-,-,sufficient*,-,-
The TCS shall provide adequate capability to allow the operator to operate each UAV within its certified operational flight envelope. [SSS348],-,-,-,-,each*
"For mission planning, the TCS shall provide terrain avoidance warning and minimum reception altitude calculations for line of sight flights. [SSS350]",-,-,minimum*,-,-
The TCS shall provide the required information to allow the operator to maintain safe  separation  from  other aircraft and a safe altitude in civilian airspace per Federal Aviation Administration (FAA) rules. [SSS352],-,-,-,-,-
The TCS shall be designed such that no single hardware failure results in an unsafe command to be transmitted to the air vehicle. [SSS353],-,-,-,-,-
The TCS shall be capable of restoring power in sufficient time to avoid loss of air vehicle control during  power outages. [SSS354],-,-,sufficient*,-,-
The TCS shall monitor the uplink and downlink to each UAV under its control. [SSS355],-,-,-,-,each*
"System safety and health hazards, if any, shall be identified and evaluated during Phase I of the TCS development. [SSS359]",-,-,-,-,any*
"Using risk assessment procedures defined in DoD 5200.28(D), a risk index and the minimum security requirements for TCS shall be determined. [SSS363]",-,-,minimum*,-,-
"interfaces, to including the air vehicles, payloads, and C4I systems. [SSS364]",-,-,-,-,-
"All TCS users, operators, maintainers and other personnel having access to TCS shall be cleared to the highest sensitivity of the data that the TCS processes, stores and transfers. [SSS369]",-,-,-,-,-
Additional local site procedures shall be developed to prevent the intentional or unintentional disclosure of sensitive information to unauthorized individuals. [SSS370],-,-,-,-,-
The TCS shall be capable of operation within environments specified in the System/Subsystem Design Document for the land-based shelter and shipboard environments. [SSS372],-,-,-,-,-
The hardware of the TCS shall be capable of being scaled as well as being modular to meet the varying needs of the Services. [SSS374],-,-,-,-,-
"The TCS hardware shall support the data rate characteristics of the AV, data link and payload to ensure interoperability. [SSS379]",-,-,support*,-,-
"For each OUTRIDER system, the TCS shall provide full independent computer redundancy. [SSS380]",-,-,-,-,each*
The TCS shall conform with the National Institute for Standard Technology (NIST) Federal Information Processing Standard (FIPS) Publication 151-2 (POSIX.1). [SSS381,-,-,-,-,-
"To meet growth requirements, the TCS shall be capable of adding additional storage without  major hardware reconfiguration. [SSS383]",-,-,-,without*,-
The TCS shall be capable of restoring power in sufficient time to avoid loss of critical mission data and    loss of air vehicle control during power outages. [SSS387],-,-,sufficient*,-,-
The TCS shall have an uninterrupted power supply for critical phases (landing and takeoff as a minimum) of mission execution. [SSS388],-,-,minimum*,-,-
"The TCS shall comply with the Assistant Secretary of Defense (C3I) Joint Technical Architecture (JTA). This includes, but is not limited to, the language, the computer, database, architecture, and interoperability. [SSS394]",-,-,-,not*,-
The TCS core software shall be generically written to provide level one through level five interaction for  both Outrider and Predator UAVs and establish the architecture for future tactical UAVs. [SSS396],-,-,-,-,one*
The TCS software shall be capable of being hosted on a variety of computer operating systems that are organic to the various Services. [SSS398],-,-,-,-,-
TCS software shall provide a windows based graphic operator interface. [SSS399] The TCS software shall be non-proprietary and have unlimited data rights. [SSS400],-,-,-,-,-
The TCS’s operating system and executable software shall be re-programmable without hardware disassembly. [SSS401],-,-,-,without*,-
Training software shall be alterable without affecting the configuration of the operational software. [SSS402] Training software is the software that provides the computer based training functionality for the system operator.,-,-,-,without*,-
The TCS software shall restrict the operator(s) from exercising levels of interaction not achievable by the system. [SSS403],-,-,-,not*,-
The TACCOM segment shall provide external interfaces for the communications media as indicated in Table 3.10.4-1: [SSS407],-,-,-,-,-
"The I/O channel reserve capability for each processor shall have at least a 50% reserve, addressable and useable, I/O channel capacity over any 10 second period. [SSS416]",-,-,-,-,each*least*any*
The system shall be functionally and physically partitioned to allow for efficient fault isolation. [SSS422],efficient*,-,-,-,-
Control over internal items and devices shall be provided for detecting and isolating internal faults.  [SSS423],-,-,-,-,-
Test points and data paths shall be defined to support efficient fault isolation. [SSS424],efficient*,-,support*,-,-
"The TCS shall provide the common software architecture for TCS interaction with Predator, Outrider, and future Tactical UAVs. [SSS425]",-,-,-,-,-
System documentation shall be developed as part of the TCS program and will follow MIL-STD-498 for format. [SSS427],-,-,-,-,-
"The documentation developed shall contain sufficient level of detail to identify the functional, operational and design requirements of the TCS. [SSS428]",-,-,sufficient*,-,-
"The documentation shall contain sufficient technical detail to define the hardware and software design
implemented to satisfy the system requirements. [SSS429]

",-,-,sufficient*,-,-
The TCS shall have monitor(s) that allow reading of displays under direct sunlight and low light level environments. [SSS446],-,-,-,-,-
"When performing a given task during mission execution, the operator shall be given appropriate warning  messages from other concurrently-executing subsystem tasks. [SSS448]",-,-,-,-,-
"The TCS operator shall be required to enter an acknowledgment prior to disabling the display of critical warning flags for any AV, Payload, ADT, GDT, and TCS faults. [SSS450]",-,-,-,-,any*
A combination of visual and auditory outputs will be provided to alert the TCS operator to situations which may require operator response.,-,may*,-,-,-
All TCS warning messages and HCI actions shall be archived for later review. [SSS456],-,-,-,-,-
Display jitter and flicker shall not be perceptible by the operator. [SSS459],-,-,-,not*,-
The operational tasks to be performed concurrently by the operator during normal operation will be determined by appropriate task analysis and function allocation.,normal*,-,-,-,-
"The TCS shall facilitate Human-Computer Interfaces (HCIs) that support operation of all system modes, functions, and capabilities. [SSS461]",-,-,support*,-,all*
"The Human Computer Interface (HCI) shall be designed and implemented in accordance with the TCS HCI Specification, TCS 108.[SSS462]",-,-,-,-,-
"The HCI shall provide redundancy in all operations, so that the loss of any one HCI input device does not prohibit operation of any TCS function. [SSS463]",-,-,-,not*,all*any*one*any*
The TCS shall provide the functionality to display all HCI elements on any available monitor on the TCS workstation. [SSS464],-,-,-,-,all*any*
modified. [SSS467],-,-,-,-,-
The shall provide the functionality to have a maximum delay time of 1 second from operator command to system acknowledgement and response.[SSS 559],-,-,maximum*,-,-
"The TCS shall provide automated TCS system information, control options, and logical & simple operator guidance and support for immediate and adaptive responding to crisis situations. [SSS471]",simple*,-,support*,-,-
"The TCS shall provide the necessary processing, display, and control capabilities to ensure dynamic situational awareness input to the TCS operator. [SSS473]",-,-,-,-,-
"The TCS shall minimize alphanumeric data display in favor of graphic, pictorial information display [SSS474]",-,-,minimize*,-,-
"The TCS HCI shall provide unambiguous AV and payload control and status feedback indicators to ensure safe, efficient operations of two AVs and their payloads by a single TCS station. [SSS475]",efficient*,-,-,-,-
The TCS HCI shall provide the capability to select and amplify an object and point on a map as well as payload screen. [SSS477],-,-,-,-,-
The TCS HCI shall provide coarse and fine payload control capabilities directly on the payload screen. [SSS478],-,-,-,-,-
The TCS HCI shall provide the capability to lock onto and hold a coordinate point on the payload imagery window. [SSS481],-,-,-,-,-
"The TCS HCI shall provide the capability to display operator definable “Lock Out” zones around waypoints, Launch and Recovery Point (LRP), as well as any selected point on the AV flight path.",-,-,-,-,any*
The TCS HCI shall provide for a rapid means to cancel aural warnings. [SSS484],rapid*,-,-,-,-
"The TCS HCI shall provide continuously-available, on-screen control functions for time and mission- critical operations, to include as a minimum print, freeze, declassification, mark VCR, declutter, cease RF transmission. [SSS489]",-,-,minimum*,-,-
The interactive courseware training capability for TCS shall be developed during Phase I and introduced to the user during scheduled demonstrations and tests. [SSS494],-,-,-,-,-
"The TCS shall provide the functional capability to train in the operation of the TCS system, performance of TCS UAV functions, and on line system troubleshooting. [SSS496]",-,-,-,-,-
Training shall be adequate to maintain operator and maintainer skills and proficiencies. [SSS501],-,-,-,-,-
TCS shall record operator and maintainer actions for self assessment and performance enhancement. [SSS502],-,-,-,-,-
All TCS Operator Manuals and Technical Manuals shall be verified and validated prior to initial operational test. [SSS529],-,-,-,-,-
"The TCS shall adhere to DoD regulations and policy governing military standards for logistics, Petroleum, Oil and Lubricants (POL), Test, Measurement, and Diagnostic Equipment (TMDE), tools, and other support items. [SSS506]",-,-,support*,-,-
Each Service shall support the TCS as part of the UAV system which is organic to them. [SSS508],-,-,support*,-,-
A TCS support and fielding package shall be developed and available for operational testing. [SSS510],-,-,support*,-,-
The TCS shall be maintained in accordance with Services’ approved UAV maintenance concepts and procedures. [SSS511],-,-,-,-,-
The environmental support required by the TCS shall be at least the same as that required for the respective UAV System. [SSS514],-,-,support*,-,least*
The TCS shall meet the deployment criteria for the organic unit to which it is assigned. [SSS516],-,-,-,-,-
"TCS transportation in theater for Army and Marine Corps systems shall be by ground, air, as well as rail transportable. [SSS518]",-,-,-,-,-
"The TCS shall be configurable for sea, ground, as well as air transport in 2 hours or less. [SSS525]",-,-,-,-,less*
"The TCS system shall be capable of being de-configured from sea, ground, as well as air transport and ground-mobile in 2 hours or less. [SSS526]",-,-,-,-,less*
The TCS software shall have an open architecture and be capable of being hosted on computers that are typically supported by the using Service.,-,-,-,-,-
